nematode,spe.ID,mean_preference,mean_grazing,mean_size,mean_size_OP50,mean_size_fold_change
C.elegans,ACH1,0.4625,0.331666667,3435236.042,3522554.673,0.975211561
C.elegans,ACH2,0.38375,0.511666667,1900306.014,3522554.673,0.539468139
C.elegans,ACI1,0.58625,0.53,3117083.883,3522554.673,0.884892975
C.elegans,aci1,0.3225,0.573333333,3743234.505,3522554.673,1.062647667
C.elegans,ACI10,0.5675,0.288333333,2031598.187,3522554.673,0.576740001
C.elegans,ACI11,0.5225,0.465,2388062.469,3522554.673,0.67793482
C.elegans,ACI2,0.62625,0.35,3550826.64,3522554.673,1.008025984
C.elegans,aci2,0.37875,0.393333333,3009080.521,3522554.673,0.854232454
C.elegans,ACI3,0.44,0.571666667,2601470.423,3522554.673,0.738518111
C.elegans,ACI4,0.4775,0.518333333,1568326.174,3522554.673,0.445224083
C.elegans,ACI5,0.585,0.388333333,3292088.098,3522554.673,0.934574025
C.elegans,ACI6,0.6525,0.273333333,2771814.646,3522554.673,0.78687626
C.elegans,ACI7,0.67,0.311666667,4797484.734,3522554.673,1.361933364
C.elegans,ACI8,0.63375,0.346666667,3474089.696,3522554.673,0.986241526
C.elegans,ACI9,0.705,0.383333333,416034.379,3522554.673,0.118105869
C.elegans,ADV1,0.33625,0.24,2107929.109,3522554.673,0.598409196
C.elegans,ART1,0.29625,-0.03,255889.603,3522554.673,0.072643188
C.elegans,ART2,0.37375,0.061666667,190872.9285,3522554.673,0.054185938
C.elegans,ART3,0.365,0.368333333,1210730.698,3522554.673,0.343708135
C.elegans,ART4,0.7375,0.29,3843038.329,3522554.673,1.090980463
C.elegans,ART5,0.31125,0.095,430851.7842,3522554.673,0.122312306
C.elegans,ART6,0.4025,0.316666667,215917.0145,3522554.673,0.061295575
C.elegans,ART7,0.36125,0.275,441006.593,3522554.673,0.125195102
C.elegans,ART8,0.3825,0.08,227464.6,3522554.673,0.06457376
C.elegans,ART9,0.4125,0.16,246504.5795,3522554.673,0.069978922
C.elegans,BAC1,0.51125,0.273333333,2140983.513,3522554.673,0.607792841
C.elegans,BAC2,0.63125,0.205,204252.0155,3522554.673,0.057984058
C.elegans,BAC3,0.48875,0.363333333,2300197.505,3522554.673,0.652991286
C.elegans,BAC4,0.55875,0.121666667,31958.2555,3522554.673,0.009072465
C.elegans,BAC5,0.34125,-0.135,2621929.627,3522554.673,0.74432617
C.elegans,BAC6,0.60125,0.081666667,2893472.789,3522554.673,0.821413167
C.elegans,BAC7,0.42125,0.248333333,2451151.862,3522554.673,0.695844945
C.elegans,BAC8,0.28125,0.188333333,1907183.309,3522554.673,0.541420499
C.elegans,BOR1,0.33375,0.345,3299078.511,3522554.673,0.936558497
C.elegans,BRE1,0.115,0.053333333,181455.9725,3522554.673,0.051512606
C.elegans,BRE2,0.66125,0.036666667,231079.4275,3522554.673,0.065599955
C.elegans,BUR1,0.37,0.045,137342.381,3522554.673,0.038989425
C.elegans,CHR1,0.49625,0.121666667,485812.3135,3522554.673,0.137914769
C.elegans,CHR2,0.75125,0.09,525389.349,3522554.673,0.149150091
C.elegans,CHR3,0.815,0.15,733378.983,3522554.673,0.208195202
C.elegans,CHR4,0.685,-0.058333333,922424.5535,3522554.673,0.261862381
C.elegans,CHR5,0.46875,0.056666667,398812.477,3522554.673,0.113216831
C.elegans,CHR6,0.48625,0.065,381435.0815,3522554.673,0.108283651
C.elegans,CUP1,0.43,0.321666667,2686023.024,3522554.673,0.762521316
C.elegans,CUP2,0.42375,0.121666667,735660.4415,3522554.673,0.208842874
C.elegans,CUP3,0.40375,0.473333333,2565727.811,3522554.673,0.728371324
C.elegans,CUR1,0.50125,0.103333333,175887.538,3522554.673,0.049931812
C.elegans,DEL1,0.4675,0.185,2805278.651,3522554.673,0.796376185
C.elegans,DEL2,0.2225,0.156666667,2271522.716,3522554.673,0.644850947
C.elegans,DYE1,0.34875,0.173333333,735925.196,3522554.673,0.208918034
C.elegans,EMP1,0.6225,0.19,434953.394,3522554.673,0.123476691
C.elegans,EMP2,0.51375,0.15,693382.1305,3522554.673,0.196840701
C.elegans,ENS1,0.62375,0.305,2723516.846,3522554.673,0.773165245
C.elegans,ENT1,0.645,0.296666667,1975254.979,3522554.673,0.560745017
C.elegans,ENT2,0.59875,0.408333333,2038553.756,3522554.673,0.578714582
C.elegans,ENT3,0.73375,0.321666667,2742847.917,3522554.673,0.778653044
C.elegans,ESC1,0.57875,0.445,2415002.043,3522554.673,0.685582558
C.elegans,FAL1,0.20125,0.285,89472.284,3522554.673,0.025399828
C.elegans,FIC1,0.63375,0.415,2479882.877,3522554.673,0.704001245
C.elegans,FLA1,0.49875,0.268333333,815282.7525,3522554.673,0.231446444
C.elegans,FLA2,0.45875,0.396666667,1058351.409,3522554.673,0.30044996
C.elegans,FLA3,0.6525,0.27,683331.571,3522554.673,0.193987499
C.elegans,FLA4,0.58625,0.155,2086381.313,3522554.673,0.592292102
C.elegans,FLA5,0.4425,0.423333333,2558186.167,3522554.673,0.726230365
C.elegans,FLA6,0.30375,0.326666667,2573697.432,3522554.673,0.730633779
C.elegans,HER1,0.31125,-0.043333333,3672702.833,3522554.673,1.042624792
C.elegans,KLE1,0.715,0.578333333,2037650.084,3522554.673,0.578458043
C.elegans,KLE2,0.784285714,0.505,2116406.305,3522554.673,0.600815744
C.elegans,KLE3,0.71875,0.563333333,1566842.967,3522554.673,0.444803023
C.elegans,KOS1,0.39375,0.513333333,2934892.509,3522554.673,0.833171599
C.elegans,KOS2,0.8275,0.381666667,2690314.013,3522554.673,0.763739463
C.elegans,LYS1,0.435,0.193333333,2484338.436,3522554.673,0.705266111
C.elegans,LYS2,0.39875,0.235,1947707.274,3522554.673,0.55292464
C.elegans,MIC1,0.3825,0.066666667,254754.869,3522554.673,0.072321055
C.elegans,MIC2,0.36125,0.225,1966724.585,3522554.673,0.558323367
C.elegans,MIC3,0.1525,-0.223333333,426947.0365,3522554.673,0.121203807
C.elegans,MIC4,0.325,0.156666667,261220.1385,3522554.673,0.074156447
C.elegans,OCH1,0.3925,0.31,2239813.794,3522554.673,0.635849263
C.elegans,OCH2,0.21,0.265,1384727.995,3522554.673,0.393103337
C.elegans,PAE1,0.43625,-0.495,2497961.071,3522554.673,0.709133371
C.elegans,PAE2,0.3775,-0.455,4219600.94,3522554.673,1.197880894
C.elegans,PAE3,0.25625,-0.396666667,2827735.173,3522554.673,0.802751252
C.elegans,PAE4,0.24,-0.405,1144288.911,3522554.673,0.324846317
C.elegans,PAE5,0.2625,-0.575,3103988.824,3522554.673,0.881175485
C.elegans,PAE6,0.1375,-0.64,3735220.052,3522554.673,1.060372485
C.elegans,PAR1,0.33,0.143333333,857674.089,3522554.673,0.243480703
C.elegans,par1,0.205,0.146666667,529504.088,3522554.673,0.150318203
C.elegans,PAR2,0.38125,0.246666667,2831885.132,3522554.673,0.803929362
C.elegans,PRO1,0.665,-0.03,3745191.305,3522554.673,1.063203173
C.elegans,PRO2,0.64125,-0.04,4084673.062,3522554.673,1.15957691
C.elegans,PSE1 ,0.405,0.538333333,5350105.475,3522554.673,1.518814035
C.elegans,PSE10,0.2875,-0.02,22665.752,3522554.673,0.006434464
C.elegans,PSE11,0.5275,-0.046666667,3772723.058,3522554.673,1.071019021
C.elegans,PSE12,0.3825,0.088333333,2411064.156,3522554.673,0.684464651
C.elegans,PSE13,0.7175,-0.36,2616481.738,3522554.673,0.742779596
C.elegans,PSE14,0.4625,-0.311666667,2163958.346,3522554.673,0.614315049
C.elegans,PSE15,0.2175,0.018333333,398538.883,3522554.673,0.113139162
C.elegans,PSE2,0.41,-0.1,2064975.209,3522554.673,0.586215233
C.elegans,PSE3,0.4675,0.471666667,2269332.168,3522554.673,0.644229083
C.elegans,PSE4,0.475,0.143333333,1491836.677,3522554.673,0.423509872
C.elegans,PSE5,0.42125,0.228333333,3887033.529,3522554.673,1.103470035
C.elegans,PSE6,0.37,-0.071666667,3489504.276,3522554.673,0.990617492
C.elegans,PSE7,0.65875,-0.041666667,3698968.764,3522554.673,1.050081293
C.elegans,PSE8,0.56625,-0.168333333,3119511.9,3522554.673,0.885582252
C.elegans,PSE9,0.46375,0.25,3538158.802,3522554.673,1.004429776
C.elegans,RAL1,0.415,0.245,242586.439,3522554.673,0.068866621
C.elegans,RAL2,0.39625,0.02,681407.0965,3522554.673,0.19344117
C.elegans,RAL3,0.39125,0.166666667,1129817.191,3522554.673,0.320738014
C.elegans,RAL4,0.195,-0.006666667,368972.063,3522554.673,0.104745589
C.elegans,RAL5,0.5925,0.011666667,171086.0015,3522554.673,0.048568728
C.elegans,RAO1,0.64375,-0.061666667,1714667.98,3522554.673,0.486768309
C.elegans,RHO1,0.2625,0.04,182479.6095,3522554.673,0.051803201
C.elegans,SIN1,0.50875,0.111666667,89593.426,3522554.673,0.025434219
C.elegans,SPH1,0.46,0.365,605907.8415,3522554.673,0.172008073
C.elegans,SPH2,0.385,0.478333333,580588.595,3522554.673,0.164820322
C.elegans,SPH3,0.42,0.483333333,508917.6255,3522554.673,0.144474018
C.elegans,SPH4,0.38125,0.25,2712976.169,3522554.673,0.770172906
C.elegans,STA1,0.375,0.118333333,552068.675,3522554.673,0.156723948
C.elegans,STE1,0.54625,0.281666667,1516465.188,3522554.673,0.430501533
C.elegans,STE2,0.52125,0.235,1403635.512,3522554.673,0.398470895
C.elegans,STE3,0.54625,0.301666667,1640844.018,3522554.673,0.465810802
C.elegans,VAR1,0.485,0.24,364200.5295,3522554.673,0.103391023
D.veechi,ACH1,0.48625,0.15,8635813.182,7682972.577,1.124019785
D.veechi,ACH2,0.375,0.281666667,3827281.987,7682972.577,0.498151197
D.veechi,ACI1,0.45625,0.243333333,5340312.213,7682972.577,0.695084117
D.veechi,aci1,0.42,0.108333333,10243950.46,7682972.577,1.333331644
D.veechi,ACI10,0.45625,0.188333333,5781036.469,7682972.577,0.752447885
D.veechi,ACI11,0.4925,0.353333333,4896876.432,7682972.577,0.637367423
D.veechi,ACI2,0.4525,0.361666667,8627575.996,7682972.577,1.122947649
D.veechi,aci2,0.38625,0.293333333,9666856.919,7682972.577,1.258218329
D.veechi,ACI3,0.49875,0.261666667,6070276.194,7682972.577,0.790094737
D.veechi,ACI4,0.41125,0.25,4538907.401,7682972.577,0.590774906
D.veechi,ACI5,0.4975,0.31,8339108.105,7682972.577,1.085401259
D.veechi,ACI6,0.42125,0.243333333,5368383.024,7682972.577,0.698737757
D.veechi,ACI7,0.41,0.248333333,4920648.889,7682972.577,0.640461597
D.veechi,ACI8,0.3425,0.216666667,6425324.136,7682972.577,0.836307051
D.veechi,ACI9,0.20125,0.211666667,714667.519,7682972.577,0.093019663
D.veechi,ADV1,0.41,0.118333333,4782786.595,7682972.577,0.622517723
D.veechi,ART1,0.405,0.35,1030678.914,7682972.577,0.13415106
D.veechi,ART2,0.46625,0.188333333,1101206.929,7682972.577,0.143330842
D.veechi,ART3,0.47125,0.165,3534949.527,7682972.577,0.460101802
D.veechi,ART4,0.475,0.091666667,6975434.705,7682972.577,0.907908317
D.veechi,ART5,0.49,0.091666667,4577714.553,7682972.577,0.595825965
D.veechi,ART6,0.445,0.363333333,423455.359,7682972.577,0.055116084
D.veechi,ART7,0.39125,0.07,2176875.084,7682972.577,0.28333761
D.veechi,ART8,0.395,0.06,943085.541,7682972.577,0.122750086
D.veechi,ART9,0.49125,0.058333333,2050628.704,7682972.577,0.266905639
D.veechi,BAC1,0.4375,0.333333333,471310.954,7682972.577,0.06134487
D.veechi,BAC2,0.4525,0.363333333,8926059.026,7682972.577,1.16179759
D.veechi,BAC3,0.39625,0.098333333,9492341.803,7682972.577,1.235503799
D.veechi,BAC4,0.425,0.545,4623580.715,7682972.577,0.601795811
D.veechi,BAC5,0.30375,-0.118333333,7084307.54,7682972.577,0.922078983
D.veechi,BAC6,0.28375,0.23,9463504.059,7682972.577,1.231750337
D.veechi,BAC7,0.38125,-0.238333333,6476042.478,7682972.577,0.842908446
D.veechi,BAC8,0.20625,0.248333333,472527.8665,7682972.577,0.061503261
D.veechi,BOR1,0.32,-0.046666667,4442242.631,7682972.577,0.578193217
D.veechi,BRE1,0.41,0.105,91685.18,7682972.577,0.011933556
D.veechi,BRE2,0.45375,-0.015,6236084.553,7682972.577,0.811676013
D.veechi,BUR1,0.21375,0.091666667,162981.769,7682972.577,0.021213374
D.veechi,CHR1,0.415,0.145,2035925.643,7682972.577,0.264991919
D.veechi,CHR2,0.475,0.071666667,783937.5395,7682972.577,0.102035707
D.veechi,CHR3,0.38375,0.036666667,953323.1855,7682972.577,0.124082596
D.veechi,CHR4,0.43125,0.066666667,2784143.326,7682972.577,0.362378402
D.veechi,CHR5,0.445,0.046666667,1384010.781,7682972.577,0.180140013
D.veechi,CHR6,0.45875,0.401666667,482313.9075,7682972.577,0.062776992
D.veechi,CUP1,0.4275,0.385,6356357.295,7682972.577,0.827330468
D.veechi,CUP2,0.47375,0.3,4881221.946,7682972.577,0.635329867
D.veechi,CUP3,0.3075,0.063333333,5699205.741,7682972.577,0.741796965
D.veechi,CUR1,0.44875,0.09,3943023.303,7682972.577,0.51321585
D.veechi,DEL1,0.375,0.493333333,9188838.511,7682972.577,1.196000431
D.veechi,DEL2,0.43375,0.343333333,6204518.606,7682972.577,0.807567454
D.veechi,DYE1,0.2425,0.296666667,5389528.006,7682972.577,0.701489944
D.veechi,EMP1,0.5075,0.11,2362885.471,7682972.577,0.307548341
D.veechi,EMP2,0.485,0.24,4572429.593,7682972.577,0.595138086
D.veechi,ENS1,0.4825,0.335,7648696.897,7682972.577,0.995538748
D.veechi,ENT1,0.50625,0.236666667,7435626.409,7682972.577,0.967805929
D.veechi,ENT2,0.54625,0.275,7339009.313,7682972.577,0.955230445
D.veechi,ENT3,0.47875,0.428333333,4328200.249,7682972.577,0.563349694
D.veechi,ESC1,0.5525,0.02,3198476.692,7682972.577,0.416307186
D.veechi,FAL1,0.4825,0.171666667,3593454.095,7682972.577,0.467716637
D.veechi,FIC1,0.50625,0.048333333,7518423.25,7682972.577,0.978582596
D.veechi,FLA1,0.395,0.135,3790054.88,7682972.577,0.493305793
D.veechi,FLA2,0.3075,0.163333333,4122240.48,7682972.577,0.536542391
D.veechi,FLA3,0.35,0.118333333,2233808.08,7682972.577,0.290747892
D.veechi,FLA4,0.42875,0.028333333,4220101.601,7682972.577,0.549279795
D.veechi,FLA5,0.33625,0.293333333,7039273.269,7682972.577,0.916217414
D.veechi,FLA6,0.38,0.44,7977970.631,7682972.577,1.038396343
D.veechi,HER1,0.54,0.266666667,10053167.59,7682972.577,1.308499736
D.veechi,KLE1,0.54375,0.263333333,5730730.761,7682972.577,0.745900197
D.veechi,KLE2,0.48625,0.21,5436021.907,7682972.577,0.707541495
D.veechi,KLE3,0.555,0.173333333,4846592.632,7682972.577,0.630822586
D.veechi,KOS1,0.57875,0.435,7210321.936,7682972.577,0.938480759
D.veechi,KOS2,0.50125,0.23,3304359.347,7682972.577,0.430088656
D.veechi,LYS1,0.4125,0.158333333,9747812.777,7682972.577,1.268755378
D.veechi,LYS2,0.4125,0.081666667,9203035.491,7682972.577,1.197848281
D.veechi,MIC1,0.43625,0.151666667,4368748.407,7682972.577,0.568627359
D.veechi,MIC2,0.3375,0.196666667,3629241.138,7682972.577,0.472374605
D.veechi,MIC3,0.38875,0.311666667,5591433.925,7682972.577,0.727769606
D.veechi,MIC4,0.4375,0.176666667,5308233.485,7682972.577,0.690908816
D.veechi,OCH1,0.495,0.193333333,4914494.465,7682972.577,0.63966055
D.veechi,OCH2,0.5425,0.54,1930799.841,7682972.577,0.251308959
D.veechi,PAE1,0.4475,0.115,8159674.932,7682972.577,1.062046604
D.veechi,PAE2,0.635,0.193333333,6517413.852,7682972.577,0.84829326
D.veechi,PAE3,0.41125,-0.006666667,9122001.303,7682972.577,1.187301036
D.veechi,PAE4,0.49375,0.131666667,1688610.225,7682972.577,0.219786054
D.veechi,PAE5,0.40625,0.118333333,6538968.618,7682972.577,0.851098784
D.veechi,PAE6,0.5175,0.268333333,6872711.223,7682972.577,0.894538039
D.veechi,PAR1,0.5175,0.126666667,7267060.313,7682972.577,0.94586571
D.veechi,par1,0.4875,0.248333333,447360.769,7682972.577,0.058227563
D.veechi,PAR2,0.59125,0.25,6893647.652,7682972.577,0.897263082
D.veechi,PRO1,0.51625,0.371666667,8084707.379,7682972.577,1.05228898
D.veechi,PRO2,0.62,-0.063333333,11301155.9,7682972.577,1.470935343
D.veechi,PSE1 ,0.33625,0.045,5899009.467,7682972.577,0.76780301
D.veechi,PSE10,0.3275,0.218333333,15528.536,7682972.577,0.002021162
D.veechi,PSE11,0.4525,-0.105,10446866.69,7682972.577,1.359742806
D.veechi,PSE12,0.4975,0.106666667,1687689.337,7682972.577,0.219666193
D.veechi,PSE13,0.6425,0.466666667,7012810.484,7682972.577,0.912773072
D.veechi,PSE14,0.21125,-0.1,8774387.357,7682972.577,1.142056316
D.veechi,PSE15,0.53,-0.123333333,2506133.685,7682972.577,0.326193236
D.veechi,PSE2,0.26625,0.463333333,926010.827,7682972.577,0.120527676
D.veechi,PSE3,0.41,0.296666667,3016775.061,7682972.577,0.392657273
D.veechi,PSE4,0.25875,0.408333333,8824778.061,7682972.577,1.148615067
D.veechi,PSE5,0.47,0.191666667,10400623.24,7682972.577,1.353723853
D.veechi,PSE6,0.4125,0.285,4802460.648,7682972.577,0.625078458
D.veechi,PSE7,0.44875,0.205,11896956.91,7682972.577,1.548483584
D.veechi,PSE8,0.4425,0.628333333,8976830.645,7682972.577,1.16840592
D.veechi,PSE9,0.44625,0.135,10339210,7682972.577,1.345730431
D.veechi,RAL1,0.56375,0.035,2011746.206,7682972.577,0.261844772
D.veechi,RAL2,0.4575,0.013333333,561680.4045,7682972.577,0.073107173
D.veechi,RAL3,0.4175,0.173333333,5256709.919,7682972.577,0.684202614
D.veechi,RAL4,0.3825,0.103333333,1471353.492,7682972.577,0.191508362
D.veechi,RAL5,0.50625,0.058333333,1975341.412,7682972.577,0.257106399
D.veechi,RAO1,0.46,0.075,3147719.252,7682972.577,0.409700701
D.veechi,RHO1,0.63,0.005,989329.8345,7682972.577,0.128769148
D.veechi,SIN1,0.46375,-0.003333333,2855748.164,7682972.577,0.371698341
D.veechi,SPH1,0.4575,0.088333333,3395267.994,7682972.577,0.441921139
D.veechi,SPH2,0.41125,-0.006666667,3811085.842,7682972.577,0.49604314
D.veechi,SPH3,0.5025,0.038333333,4718523.965,7682972.577,0.614153431
D.veechi,SPH4,0.435,0.038333333,3335773.94,7682972.577,0.434177515
D.veechi,STA1,0.17,0.263333333,1344274.781,7682972.577,0.174968057
D.veechi,STE1,0.4425,0.116666667,4475605.875,7682972.577,0.582535709
D.veechi,STE2,0.505,0.106666667,3965863.548,7682972.577,0.51618869
D.veechi,STE3,0.43625,0.015,3620051.318,7682972.577,0.471178477
D.veechi,VAR1,0.575,0.303333333,4641914.435,7682972.577,0.604182091
P.quartusdecimus,ACH1,0.29375,0.146666667,817372.5335,3028779.053,0.269868656
P.quartusdecimus,ACH2,0.34125,0.343333333,4022359.688,3028779.053,1.328046588
P.quartusdecimus,ACI1,0.44125,0.17,5943941.723,3028779.053,1.962487728
P.quartusdecimus,aci1,0.33375,0.551666667,5961090.204,3028779.053,1.968149574
P.quartusdecimus,ACI10,0.40625,0.058333333,7762622.848,3028779.053,2.562954482
P.quartusdecimus,ACI11,0.42125,0.158333333,5802556.764,3028779.053,1.915807215
P.quartusdecimus,ACI2,0.435,0.195,7537602.729,3028779.053,2.488660479
P.quartusdecimus,aci2,0.30125,0.505,10471124.28,3028779.053,3.457209686
P.quartusdecimus,ACI3,0.4125,0.123333333,7793777.712,3028779.053,2.57324076
P.quartusdecimus,ACI4,0.47875,-0.065,4668742.374,3028779.053,1.541460203
P.quartusdecimus,ACI5,0.4225,0.24,6087236.482,3028779.053,2.009798792
P.quartusdecimus,ACI6,0.46125,0.173333333,8765871.356,3028779.053,2.894193073
P.quartusdecimus,ACI7,0.43,-0.288333333,7263248.251,3028779.053,2.398077946
P.quartusdecimus,ACI8,0.48,0.188333333,6141732.957,3028779.053,2.027791677
P.quartusdecimus,ACI9,0.43,-0.071666667,5332659.761,3028779.053,1.760663181
P.quartusdecimus,ADV1,0.3725,0.05,6820780.6,3028779.053,2.251990152
P.quartusdecimus,ART1,0.41625,-0.153333333,1079030.329,3028779.053,0.356259176
P.quartusdecimus,ART2,0.39,0.081666667,967922.32,3028779.053,0.319575084
P.quartusdecimus,ART3,0.44875,0.08,735473.015,3028779.053,0.242828216
P.quartusdecimus,ART4,0.34375,-0.538333333,6371782.065,3028779.053,2.103746082
P.quartusdecimus,ART5,0.38875,0.13,1043180.363,3028779.053,0.344422734
P.quartusdecimus,ART6,0.3075,0.05,840846.4035,3028779.053,0.277618931
P.quartusdecimus,ART7,0.36875,0.148333333,1023769.954,3028779.053,0.338014076
P.quartusdecimus,ART8,0.24375,0.038333333,217420.4275,3028779.053,0.071784843
P.quartusdecimus,ART9,0.30875,-0.065,181902.7145,3028779.053,0.0600581
P.quartusdecimus,BAC1,0.3075,-0.091666667,232105.5565,3028779.053,0.076633374
P.quartusdecimus,BAC2,0.41375,0.268333333,3414333.676,3028779.053,1.127297045
P.quartusdecimus,BAC3,0.25625,-0.698333333,2194146.696,3028779.053,0.724432736
P.quartusdecimus,BAC4,0.30875,0.043333333,630191.6765,3028779.053,0.208067893
P.quartusdecimus,BAC5,0.34,0.151666667,6259771.551,3028779.053,2.066764013
P.quartusdecimus,BAC6,0.3575,0.071666667,2249442.755,3028779.053,0.742689617
P.quartusdecimus,BAC7,0.1175,0.266666667,2382020.56,3028779.053,0.786462306
P.quartusdecimus,BAC8,0.245,-0.068333333,1461022.21,3028779.053,0.482379924
P.quartusdecimus,BOR1,0.29125,0.361666667,5101711.494,3028779.053,1.684411905
P.quartusdecimus,BRE1,0.23625,-0.36,91129.615,3028779.053,0.030087905
P.quartusdecimus,BRE2,0.64875,-0.026666667,187906.5725,3028779.053,0.06204037
P.quartusdecimus,BUR1,0.17,0.085,540956.6915,3028779.053,0.178605531
P.quartusdecimus,CHR1,0.34,0.111666667,2369827.152,3028779.053,0.782436457
P.quartusdecimus,CHR2,0.3925,0.016666667,2603552.426,3028779.053,0.859604606
P.quartusdecimus,CHR3,0.31875,0.026666667,845995.3545,3028779.053,0.27931894
P.quartusdecimus,CHR4,0.36125,0.126666667,1402940.061,3028779.053,0.463203171
P.quartusdecimus,CHR5,0.39875,0.155,2591281.291,3028779.053,0.855553094
P.quartusdecimus,CHR6,0.375,0.185,5669810.143,3028779.053,1.871978789
P.quartusdecimus,CUP1,0.395,0.191666667,4436564.087,3028779.053,1.464802816
P.quartusdecimus,CUP2,0.38,0.291666667,411464.8195,3028779.053,0.135851712
P.quartusdecimus,CUP3,0.3225,0.473333333,788994.5815,3028779.053,0.26049922
P.quartusdecimus,CUR1,0.2375,-0.141666667,922086.9565,3028779.053,0.304441803
P.quartusdecimus,DEL1,0.37625,-0.21,7955569.037,3028779.053,2.626658762
P.quartusdecimus,DEL2,0.395,-0.325,6285392.593,3028779.053,2.075223211
P.quartusdecimus,DYE1,0.21625,-0.098333333,1923521.168,3028779.053,0.635081376
P.quartusdecimus,EMP1,0.4175,0.341666667,4310986.674,3028779.053,1.423341419
P.quartusdecimus,EMP2,0.45625,0.281666667,4210705.33,3028779.053,1.390231924
P.quartusdecimus,ENS1,0.42125,0.418333333,6678811.469,3028779.053,2.205116765
P.quartusdecimus,ENT1,0.51,0.203333333,5749035.878,3028779.053,1.898136436
P.quartusdecimus,ENT2,0.45875,0.256666667,7202720.159,3028779.053,2.378093625
P.quartusdecimus,ENT3,0.34875,0.221666667,4954792.186,3028779.053,1.635904138
P.quartusdecimus,ESC1,0.44375,0.415,8949890.482,3028779.053,2.95494994
P.quartusdecimus,FAL1,0.46375,0.178333333,2115468.224,3028779.053,0.698455776
P.quartusdecimus,FIC1,0.33,0.18,7161007.135,3028779.053,2.364321401
P.quartusdecimus,FLA1,0.3225,-0.046666667,1258367.121,3028779.053,0.415470095
P.quartusdecimus,FLA2,0.3875,0.11,1117654.317,3028779.053,0.369011505
P.quartusdecimus,FLA3,0.41875,0.153333333,2110021.003,3028779.053,0.696657289
P.quartusdecimus,FLA4,0.40625,0.073333333,1509938.231,3028779.053,0.498530333
P.quartusdecimus,FLA5,0.3775,0.035,1945163.353,3028779.053,0.64222689
P.quartusdecimus,FLA6,0.38625,0.213333333,1822942.2,3028779.053,0.601873616
P.quartusdecimus,HER1,0.2975,0.363333333,8568829.212,3028779.053,2.829136448
P.quartusdecimus,KLE1,0.47625,0.343333333,2983879.246,3028779.053,0.985175608
P.quartusdecimus,KLE2,0.4575,0.275,1711813.048,3028779.053,0.565182543
P.quartusdecimus,KLE3,0.385,0.311666667,4055830.561,3028779.053,1.339097534
P.quartusdecimus,KOS1,0.24375,0.426666667,8856856.133,3028779.053,2.924233157
P.quartusdecimus,KOS2,0.46,0.183333333,8079727.915,3028779.053,2.667651807
P.quartusdecimus,LYS1,0.45625,0.566666667,8901895.506,3028779.053,2.939103629
P.quartusdecimus,LYS2,0.4125,0.466666667,4104142.797,3028779.053,1.355048594
P.quartusdecimus,MIC1,0.2525,-0.201666667,164975.7765,3028779.053,0.0544694
P.quartusdecimus,MIC2,0.28375,-0.17,33038.346,3028779.053,0.01090814
P.quartusdecimus,MIC3,0.15,-0.383333333,30142.7435,3028779.053,0.00995211
P.quartusdecimus,MIC4,0.11375,0.038333333,561750.5195,3028779.053,0.185470947
P.quartusdecimus,OCH1,0.3775,-0.395,1178337.34,3028779.053,0.389046979
P.quartusdecimus,OCH2,0.39875,-0.293333333,2705873.775,3028779.053,0.893387642
P.quartusdecimus,PAE1,0.41625,-0.268333333,3412874.054,3028779.053,1.126815127
P.quartusdecimus,PAE2,0.43,0.171666667,2508818.97,3028779.053,0.828326836
P.quartusdecimus,PAE3,0.27625,-0.291666667,1341868.004,3028779.053,0.443039251
P.quartusdecimus,PAE4,0.165,-0.201666667,1552096.021,3028779.053,0.512449404
P.quartusdecimus,PAE5,0.30125,0.09,862823.652,3028779.053,0.284875072
P.quartusdecimus,PAE6,0.3675,0.125,1583115.73,3028779.053,0.522691059
P.quartusdecimus,PAR1,0.2475,0.608333333,1349487.561,3028779.053,0.44555497
P.quartusdecimus,par1,0.14625,-0.315,3729342.814,3028779.053,1.231302366
P.quartusdecimus,PAR2,0.2725,0.5,5836890.731,3028779.053,1.927143125
P.quartusdecimus,PRO1,0.50875,0.221666667,9186942.217,3028779.053,3.033216374
P.quartusdecimus,PRO2,0.555,0.468333333,5300759.324,3028779.053,1.750130739
P.quartusdecimus,PSE1 ,0.47125,0.036666667,8705911.344,3028779.053,2.874396313
P.quartusdecimus,PSE10,0.2575,0.048333333,7159182.564,3028779.053,2.36371899
P.quartusdecimus,PSE11,0.51125,0.018333333,7969504.06,3028779.053,2.631259633
P.quartusdecimus,PSE12,0.25875,0.283333333,5903730.073,3028779.053,1.949211207
P.quartusdecimus,PSE13,0.525,0.07,2292717.503,3028779.053,0.756977469
P.quartusdecimus,PSE14,0.47375,0.301666667,10392515.48,3028779.053,3.43125573
P.quartusdecimus,PSE15,0.165,-0.4,320835.2875,3028779.053,0.105928918
P.quartusdecimus,PSE2,0.4125,0.106666667,7255210.471,3028779.053,2.395424144
P.quartusdecimus,PSE3,0.245,0.091666667,9500535.738,3028779.053,3.136754306
P.quartusdecimus,PSE4,0.5175,0.176666667,9448597.139,3028779.053,3.119605944
P.quartusdecimus,PSE5,0.23625,0.263333333,9315256.233,3028779.053,3.075581305
P.quartusdecimus,PSE6,0.3175,0.188333333,8198127.236,3028779.053,2.706743243
P.quartusdecimus,PSE7,0.4425,0.261666667,8814519.267,3028779.053,2.910254962
P.quartusdecimus,PSE8,0.29125,-0.188333333,9130188.257,3028779.053,3.014478143
P.quartusdecimus,PSE9,0.42375,0.168333333,10051370.52,3028779.053,3.318621247
P.quartusdecimus,RAL1,0.3775,0.14,8237471.403,3028779.053,2.719733351
P.quartusdecimus,RAL2,0.31125,-0.458333333,2185630.656,3028779.053,0.721621029
P.quartusdecimus,RAL3,0.3075,0.176666667,3342021.345,3028779.053,1.103421968
P.quartusdecimus,RAL4,0.15625,-0.165,142191.2075,3028779.053,0.046946709
P.quartusdecimus,RAL5,0.345,-0.083333333,7765039.209,3028779.053,2.563752282
P.quartusdecimus,RAO1,0.3625,0.118333333,2031383.516,3028779.053,0.670693861
P.quartusdecimus,RHO1,0.4,0.118333333,1103470.975,3028779.053,0.364328647
P.quartusdecimus,SIN1,0.29375,0.078333333,1218794.218,3028779.053,0.402404466
P.quartusdecimus,SPH1,0.32375,0.133333333,1852731.95,3028779.053,0.61170918
P.quartusdecimus,SPH2,0.32125,0.053333333,1912449.319,3028779.053,0.631425827
P.quartusdecimus,SPH3,0.28375,0.166666667,2174815.193,3028779.053,0.71805013
P.quartusdecimus,SPH4,0.23125,0.131666667,8182886.819,3028779.053,2.701711375
P.quartusdecimus,STA1,0.1725,0.151666667,836838.651,3028779.053,0.276295707
P.quartusdecimus,STE1,0.4,0.146666667,7190741.659,3028779.053,2.374138731
P.quartusdecimus,STE2,0.25625,0.165,7377536.896,3028779.053,2.435812176
P.quartusdecimus,STE3,0.37625,0.118333333,5138097.721,3028779.053,1.696425401
P.quartusdecimus,VAR1,0.46,0.095,2541046.666,3028779.053,0.838967327
Panagrolaimus,ACH1,0.50875,0.438333333,927934.1625,1735144.466,0.534787841
Panagrolaimus,ACH2,0.51875,0.31,984152.309,1735144.466,0.567187533
Panagrolaimus,ACI1,0.73375,0.6,1148364.66,1735144.466,0.661826541
Panagrolaimus,aci1,0.40875,0.521666667,1726078.008,1735144.466,0.994774811
Panagrolaimus,ACI10,0.73125,0.025,1708270.032,1735144.466,0.984511702
Panagrolaimus,ACI11,0.60375,0.153333333,897186.0095,1735144.466,0.517067038
Panagrolaimus,ACI2,0.72375,0.45,1032844.397,1735144.466,0.5952498
Panagrolaimus,aci2,0.3575,0.475,1407408.391,1735144.466,0.811118854
Panagrolaimus,ACI3,0.6375,0.445,1025905.453,1735144.466,0.591250742
Panagrolaimus,ACI4,0.44375,0.321666667,933208.971,1735144.466,0.537827823
Panagrolaimus,ACI5,0.61875,0.285,2018565.486,1735144.466,1.163341454
Panagrolaimus,ACI6,0.61375,0.24,1279520.651,1735144.466,0.737414478
Panagrolaimus,ACI7,0.615,0.355,718896.7635,1735144.466,0.414315221
Panagrolaimus,ACI8,0.64125,0.371666667,1054544.646,1735144.466,0.607756107
Panagrolaimus,ACI9,0.31,0.221666667,987607.6645,1735144.466,0.569178926
Panagrolaimus,ADV1,0.43625,0.371666667,1376391.178,1735144.466,0.793242986
Panagrolaimus,ART1,0.62125,0.04,359116.906,1735144.466,0.206966574
Panagrolaimus,ART2,0.63,0.38,160387.193,1735144.466,0.09243449
Panagrolaimus,ART3,0.60875,0.041666667,291716.389,1735144.466,0.168122248
Panagrolaimus,ART4,0.655,0.295,1338172.175,1735144.466,0.771216576
Panagrolaimus,ART5,0.59375,0.158333333,1390257.946,1735144.466,0.801234694
Panagrolaimus,ART6,0.51125,0.296666667,859868.816,1735144.466,0.49556036
Panagrolaimus,ART7,0.5175,0.371666667,336589.8065,1735144.466,0.193983736
Panagrolaimus,ART8,0.58125,0.01,432854.189,1735144.466,0.249462911
Panagrolaimus,ART9,0.67125,0.143333333,164166.8335,1735144.466,0.094612775
Panagrolaimus,BAC1,0.4875,0.11,136516.8913,1735144.466,0.078677536
Panagrolaimus,BAC2,0.64375,0.431666667,1142036.829,1735144.466,0.65817968
Panagrolaimus,BAC3,0.68625,0.163333333,774205.6045,1735144.466,0.446190862
Panagrolaimus,BAC4,0.56,0.058333333,231708.8855,1735144.466,0.133538671
Panagrolaimus,BAC5,0.53125,0.38,1483414.174,1735144.466,0.854922574
Panagrolaimus,BAC6,0.55625,-0.106666667,1754844.245,1735144.466,1.011353394
Panagrolaimus,BAC7,0.4225,0.163333333,1097570.633,1735144.466,0.632552882
Panagrolaimus,BAC8,0.15625,-0.261666667,308323.5505,1735144.466,0.177693302
Panagrolaimus,BOR1,0.4525,0.131666667,1499287.968,1735144.466,0.864070973
Panagrolaimus,BRE1,0.2025,0.048333333,50988.892,1735144.466,0.029385964
Panagrolaimus,BRE2,0.59625,0.093333333,133910.4725,1735144.466,0.077175402
Panagrolaimus,BUR1,0.40625,-0.03,47164.164,1735144.466,0.027181693
Panagrolaimus,CHR1,0.42375,0.023333333,450343.8555,1735144.466,0.259542571
Panagrolaimus,CHR2,0.565,0.171666667,318703.7525,1735144.466,0.18367563
Panagrolaimus,CHR3,0.47875,0.105,269387.759,1735144.466,0.155253793
Panagrolaimus,CHR4,0.65,0.171666667,502490.481,1735144.466,0.28959576
Panagrolaimus,CHR5,0.545,0.111666667,287068.557,1735144.466,0.165443606
Panagrolaimus,CHR6,0.49125,0.043333333,275069.72,1735144.466,0.158528425
Panagrolaimus,CUP1,0.58125,0.446666667,1140429.366,1735144.466,0.657253265
Panagrolaimus,CUP2,0.675,0.403333333,1507579.274,1735144.466,0.868849426
Panagrolaimus,CUP3,0.64375,0.385,1189850.906,1735144.466,0.685735931
Panagrolaimus,CUR1,0.515,0.113333333,927839.6485,1735144.466,0.53473337
Panagrolaimus,DEL1,0.43625,0.128333333,1863628.934,1735144.466,1.074048283
Panagrolaimus,DEL2,0.4375,0.355,1385490.304,1735144.466,0.798487003
Panagrolaimus,DYE1,0.48125,0.218333333,812783.1675,1735144.466,0.468423917
Panagrolaimus,EMP1,0.6825,0.221666667,271679.7615,1735144.466,0.156574721
Panagrolaimus,EMP2,0.6125,0.13,786860.6145,1735144.466,0.453484208
Panagrolaimus,ENS1,0.63375,0.391666667,1857063.709,1735144.466,1.070264606
Panagrolaimus,ENT1,0.6775,0.306666667,1476485.508,1735144.466,0.850929439
Panagrolaimus,ENT2,0.64625,0.24,1515871.328,1735144.466,0.87362831
Panagrolaimus,ENT3,0.565,0.278333333,1527225.405,1735144.466,0.880171902
Panagrolaimus,ESC1,0.6,0.28,1326134.957,1735144.466,0.764279276
Panagrolaimus,FAL1,0.505,0.235,1403044.859,1735144.466,0.808604059
Panagrolaimus,FIC1,0.52125,0.261666667,1586946.943,1735144.466,0.914590672
Panagrolaimus,FLA1,0.58875,0.07,684155.9625,1735144.466,0.394293372
Panagrolaimus,FLA2,0.5325,0.078333333,778505.8835,1735144.466,0.448669202
Panagrolaimus,FLA3,0.47875,0.1,642204.5455,1735144.466,0.370115894
Panagrolaimus,FLA4,0.62,0.12,893773.176,1735144.466,0.515100151
Panagrolaimus,FLA5,0.53625,0.163333333,1767428.783,1735144.466,1.018606126
Panagrolaimus,FLA6,0.535,0.205,1303010.937,1735144.466,0.750952421
Panagrolaimus,HER1,0.63875,0.458333333,2149285.996,1735144.466,1.238678414
Panagrolaimus,KLE1,0.6375,0.646666667,1802088.28,1735144.466,1.038581118
Panagrolaimus,KLE2,0.56375,0.351666667,1908709.827,1735144.466,1.100029343
Panagrolaimus,KLE3,0.61375,0.616666667,1743516.032,1735144.466,1.004824708
Panagrolaimus,KOS1,0.61375,0.123333333,1484794.124,1735144.466,0.855717868
Panagrolaimus,KOS2,0.5,0.138333333,884141.171,1735144.466,0.509549025
Panagrolaimus,LYS1,0.7125,0.201666667,2112734.638,1735144.466,1.217613103
Panagrolaimus,LYS2,0.6625,0.24,2151324.689,1735144.466,1.239853356
Panagrolaimus,MIC1,0.5475,0.003333333,855037.418,1735144.466,0.492775924
Panagrolaimus,MIC2,0.55,-0.025,1010264.207,1735144.466,0.582236365
Panagrolaimus,MIC3,0.52625,0.175,878871.164,1735144.466,0.50651181
Panagrolaimus,MIC4,0.5025,0.278333333,548326.638,1735144.466,0.316012095
Panagrolaimus,OCH1,0.61875,0.186666667,1534887.189,1735144.466,0.884587548
Panagrolaimus,OCH2,0.6525,0.106666667,712248.6815,1735144.466,0.410483793
Panagrolaimus,PAE1,0.46875,-0.056666667,2039179.213,1735144.466,1.175221575
Panagrolaimus,PAE2,0.39,-0.091666667,1244627.062,1735144.466,0.717304574
Panagrolaimus,PAE3,0.41875,0.051666667,1867341.237,1735144.466,1.07618776
Panagrolaimus,PAE4,0.54125,0.028333333,499418.526,1735144.466,0.287825328
Panagrolaimus,PAE5,0.545,0.076666667,950931.0115,1735144.466,0.548041405
Panagrolaimus,PAE6,0.4525,0.081666667,1740646.591,1735144.466,1.003170989
Panagrolaimus,PAR1,0.56625,0.693333333,1383408.934,1735144.466,0.797287466
Panagrolaimus,par1,0.26,0.02,1012741.944,1735144.466,0.583664337
Panagrolaimus,PAR2,0.57125,0.49,1624239.048,1735144.466,0.936082891
Panagrolaimus,PRO1,0.70375,0.22,2670626.714,1735144.466,1.53913796
Panagrolaimus,PRO2,0.67375,0.43,1725328.722,1735144.466,0.994342982
Panagrolaimus,PSE1 ,0.5325,0.538333333,1576219.136,1735144.466,0.908408012
Panagrolaimus,PSE10,0.39125,0.046666667,4767.517,1735144.466,0.00274762
Panagrolaimus,PSE11,0.53375,0.573333333,1938604.168,1735144.466,1.117258076
Panagrolaimus,PSE12,0.49375,0.028333333,22649.71,1735144.466,0.013053501
Panagrolaimus,PSE13,0.595,-0.063333333,756950.2845,1735144.466,0.43624626
Panagrolaimus,PSE14,0.53,0.265,1924928.308,1735144.466,1.109376392
Panagrolaimus,PSE15,0.3675,0.14,1430951.118,1735144.466,0.824687019
Panagrolaimus,PSE2,0.32875,0.006666667,99720.362,1735144.466,0.057470928
Panagrolaimus,PSE3,0.4425,0.526666667,1061796.109,1735144.466,0.611935277
Panagrolaimus,PSE4,0.70625,0.291666667,2088508.863,1735144.466,1.203651283
Panagrolaimus,PSE5,0.69,0.533333333,1924399.353,1735144.466,1.109071544
Panagrolaimus,PSE6,0.4475,0.303333333,2037644.993,1735144.466,1.174337372
Panagrolaimus,PSE7,0.55125,0.561666667,2030737.48,1735144.466,1.170356428
Panagrolaimus,PSE8,0.60125,0.558333333,1966615.184,1735144.466,1.13340141
Panagrolaimus,PSE9,0.41125,0.646666667,1921591.957,1735144.466,1.107453583
Panagrolaimus,RAL1,0.54375,0.1,498603.9155,1735144.466,0.287355851
Panagrolaimus,RAL2,0.41125,0.038333333,401136.5795,1735144.466,0.23118339
Panagrolaimus,RAL3,0.4075,0.085,984830.792,1735144.466,0.567578557
Panagrolaimus,RAL4,0.3725,0.018333333,1600972.471,1735144.466,0.922673876
Panagrolaimus,RAL5,0.38875,-0.05,295862.6445,1735144.466,0.170511822
Panagrolaimus,RAO1,0.67625,0.065,906231.182,1735144.466,0.52227996
Panagrolaimus,RHO1,0.36875,0.081666667,1497363.178,1735144.466,0.862961677
Panagrolaimus,SIN1,0.44375,-0.006666667,216666.5115,1735144.466,0.124869436
Panagrolaimus,SPH1,0.5175,0.098333333,448058.0335,1735144.466,0.258225204
Panagrolaimus,SPH2,0.52875,0.085,485456.519,1735144.466,0.279778732
Panagrolaimus,SPH3,0.46625,0.12,1206686.313,1735144.466,0.695438528
Panagrolaimus,SPH4,0.585,0.043333333,138733.612,1735144.466,0.079955078
Panagrolaimus,STA1,0.22875,0.1,581210.733,1735144.466,0.334963886
Panagrolaimus,STE1,0.46625,0.475,821092.5345,1735144.466,0.473212779
Panagrolaimus,STE2,0.64125,0.303333333,750283.1045,1735144.466,0.432403825
Panagrolaimus,STE3,0.52875,0.335,1014670.007,1735144.466,0.58477552
Panagrolaimus,VAR1,0.57,0.113333333,963562.164,1735144.466,0.555321002