ba_id	beta_alanine	citrulline	d_4_hydroxyphenylglycine	ethanolamine	gamma_aminobutyric_acid	isoleucine	l_alanine	l_arginine	l_asparagine	l_aspartic_acid	l_glutamine	l_glycine	l_histidine	l_homoserine	l_leucine	l_lysine	l_methionine	l_ornithine	l_phenyalanine	l_proline	l_pyroglutamic_acid	l_serine	l_threonine	l_tryptophan	l_valine	acetic_acid	citraconic_acid	citric_acid	formic_acid	fumaric_acid	glutaric_acid	glycolic_acid	lactic_acid	maleic_acid	malic_acid	malonic_acid	mucic_acid	oxalic_acid	pyruvic_acid	shikimic_acid	succinic_acid	tartaric_acid	trans_aconitic_acid	two_oxoglutaric_acid	h2o	inosine	ascorbic_acid	d_cellobiose	d_galactose	d_mannitol	d_mannose	d_ribose	d_trehalose_dihydrate	d_xylose	fructose	galacturonic_acid	glucose	l_arabinose	l_inositol	l_rhamnose_monohydrate	maltose	melibiose	raffinose	sucrose	xylitol
ACH1	0.188275	0.028975	0	0	0.345475	0.03465	0.231775	0.310075	0.18525	0.0041	0.375375	0	0.340675	0	0.196075	0.35055	0	0.26695	0.800975	0.38195	0.387125	0.149875	0	0.518175	0.2111	0.048175	0.336325	0.359725	0	0.009825	0.25765	0	0.0964	0.1197	0.241075	0.148225	0	0	0.04655	0.4885	0.20995	0.20905	0.011375	0.316675	0	0	0	0	0.008375	0	0.134325	0.151625	0.784075	0.3847	0.081675	0.363575	0.545225	0.1735	0	0	0	0.0078	0	0	0
ACH2	0.188	0.0458	0	0.09095	0.374825	0.494625	0.251475	0.319875	0.201375	0.034325	0.368225	0	0.39685	0	0.400325	0.32295	0	0.287875	0.721625	0.39385	0.384475	0.098725	0.00845	0.431475	0.3335	0.0734	0.266175	0.3623	0	0.040025	0.314225	0	0.136275	0.009675	0.253975	0.100475	0.001575	0	0.03735	0.495425	0.193575	0.2044	0.001075	0.3058	0.02915	0	0	0	0	0	0	0.10575	0.7823	0	0.197	0.3938	0.5479	0	0	0	0	0.024975	0	0	0
ACI1	0.22835	0	0	0	0.409575	0.105225	0.2622	0.32695	0.217475	0.0279	0.383625	0	0.4288	0	0.402075	0.304675	0	0.346525	0.694	0.5013	0.4258	0.11775	0.00645	0.441675	0.241875	0.1076	0.3246	0.394925	0	0.057725	0.32775	0.016425	0.13065	0	0.294325	0.17725	0.003075	0	0.02395	0.541225	0.27295	0.2588	6.75e-4	0.340625	0.012425	0.010225	0	0.009	0.08515	0	0	0.320975	0.830325	0.477125	0.1465	0.3935	0.550825	0.222725	0.004	0.005325	0.00675	0.00105	0.003925	0.00175	0
ACI10	0.139225	0.009975	0.019125	0.035975	0.228125	0	0.143825	0.175325	0.145675	0.066	0.274925	0.026075	0.279725	0	0.2177	0.30685	0.00235	0.225975	0.56095	0.296175	0.265125	0.078525	0	0.241275	0.378025	0.092325	0.01685	0.308025	0	0.077975	0.31235	0.0022	0.1223	0.0209	0.2223	0.104425	0.010475	0.004625	0.0413	0.36235	0.1999	0.2243	0.0204	0.322425	0.0209	0.026075	0.003775	0.0081	0	0.003325	0	0.32285	0.684075	0.441325	0.49025	0.36895	0.435475	0.23225	0.0015	0.018325	0.039575	0	0.043775	0.02115	0
ACI11	0.16615	0	0	0.045925	0.304925	0.2369	0.201325	0.2753	0.144375	0.026025	0.293325	0.04115	0.32365	0	0.445725	0.31335	0	0.3148	0.65025	0.339475	0.38855	0.113725	0	0.57875	0.060475	0.068225	0	0.4109	0	0.0236	0.29665	0	0.0974	0	0.28275	0.078525	0	0	0	0.488125	0.2255	0.24355	0.00155	0.3381	0	0	0	0	0	0	0	0.352225	0.74625	0.428775	0.335325	0.3342	0.530625	0.2502	0	0	0	0	0	0	0
ACI2	0.13305	0.012525	0.1332	0.061825	0.3294	0.3375	0.0095	0.256225	0.1194	0.01335	0.2184	0.0645	0.279625	9e-4	0.445925	0.281825	0.00565	0.282375	0.551825	0.357575	0.259775	0	0.027225	0.359625	0.3239	0.096925	0.001025	0.423825	0	0.015675	0.292175	0	0.099275	0	0.19725	0.10905	0.0088	0.007025	0.02735	0.41985	0.159825	0.201775	0.03155	0.287975	0.0078	0.012025	0.0029	0	0.130525	0	0.0042	0.2258	0.72565	0	0.163075	0.360425	0.481025	0.10555	0.01025	0	0.00335	0.005725	0.006575	0	0
ACI3	0.13215	0	0	0.034975	0.1973	0.22165	0.11725	0.271475	0.104175	0	0.25825	0.0233	0.1802	0	0.125625	0.287625	0	0.21075	0.123575	0.262475	0.212425	0.137425	0	0	0.302475	0.032975	0	0.300825	0	0	0.24745	0	0.030775	0	0.1512	0.07335	0	0	0	0.34195	0.115575	0.163225	0	0.3092	0	0	0	0	0	0	0	0.323775	0.694075	0	0.39	0.327225	0.509725	0.195925	0	0	0	0	0	0	0
ACI4	0.228675	0.0189	0.253225	0.061175	0.383775	0.303775	0.008775	0.306625	0.238325	0.062525	0.42035	0.048675	0.3753	0	0.42585	0.301725	0.006275	0.36055	0.672525	0.47515	0.417575	0.17725	0.029075	0.5286	0.34825	0.16225	0.32605	0.424925	0	0.080925	0.32905	0	0.18195	0	0.31115	0.187925	0.0127	0.006025	0.0426	0.51975	0.2957	0.211925	0.041075	0.3172	0.009675	0.0221	0	0.0341	0.006475	0	0.0112	0.392375	0.811975	0.4447	0.273325	0.3483	0.541475	0.371975	0.006625	0.032025	0.04925	0.04855	0.10795	0.035375	0.00965
ACI5	0.189825	0	0.134625	0.063025	0.315275	0.297925	0	0.25955	0.174625	0	0.2908	0.12255	0.36285	0	0.3706	0.295175	0	0.22975	0.65665	0.40455	0.392025	0.116225	0	0.48155	0.327075	0.09785	0	0.40755	0	0.02865	0.30615	0	0.1081	0	0.27045	0.087825	0	0	0	0.462475	0.213275	0.2242	0.01225	0.358075	0	0	0	0	0	0	0	0.280375	0.7299	0	0.5058	0.3512	0.5078	0.150125	0	0	0	0.002075	0	0	0
ACI6	0.161725	0	0.1795	0.033925	0.33945	0.008	0	0.293925	0.1342	0.021275	0.288725	0.00235	0.336025	0	0.241225	0.290225	0	0.24075	0.655275	0.42795	0.351875	0.024	0	0.098275	0.282825	0.080775	0	0.375225	0	0.025025	0.2702	0	0.120275	0	0.214125	0.176125	0	0	0.02405	0.4254	0.1962	0.248025	0	0.316	0	0	0	0	0	0	0	0.2663	0.7832	0.4317	0.105925	0.332225	0.484975	0.146075	0	0	0	0.001425	0	0	0
ACI7	0.2405	0.028025	0.0093	0.03275	0.439775	0.094825	0.2954	0.31355	0.267275	0.061275	0.463875	0.0269	0.411175	0.021525	0.395575	0.293475	0.00715	0.378175	0.7185	0.487625	0.440675	0.1254	0.023925	0.605975	0.188075	0.162875	0.024075	0.427725	0.0264	0.085125	0.352025	0.0102	0.184075	0.026025	0.330925	0.1965	0.02375	0.0048	0.057925	0.562125	0.279025	0.26945	0.02525	0.368025	0.036575	0.023325	0.007175	0.029625	0.024	0.010475	0.0293	0.34625	0.807825	0.027075	0.142125	0.3684	0.53295	0.248025	0.0234	0.022075	0.044325	0.0215	0.02505	0.018175	0.016325
ACI8	0.22595	0.0243	0.028375	0.033125	0.432525	0.17615	0.2809	0.34005	0.263175	0.07295	0.481125	0.052375	0.41025	0	0.438375	0.328725	0.011025	0.3757	0.71855	0.485725	0.437975	0.195225	8e-4	0.518225	0.300025	0.1433	0.0291	0.450925	0.0089	0.080175	0.335325	0.007575	0.16685	0.00565	0.3101	0.2084	0.0084	0.016075	0.036175	0.567375	0.28315	0.280775	0.051025	0.36025	0.0309	0.02315	0	0.0292	0.01035	0.006525	0.0198	0.38055	0.806675	0.018725	0.332875	0.41785	0.565775	0.30985	0.02365	0.031475	0.016375	0.036	0.004375	0.011675	0.021225
ACI9	0.2478	0.012875	0.003275	0.057925	0.42315	0.1542	0.2928	0.326025	0.2689	0.060225	0.43325	0	0.381275	0	0.43295	0.31565	0	0.386275	0.694125	0.4845	0.461375	0.1683	0	0.442475	0.221	0.166175	0.02425	0.41645	0	0.074125	0.3509	7e-4	0.175575	0.0134	0.330475	0.18915	0.0072	0.001625	0.029225	0.5612	0.297525	0.2817	0.04625	0.3596	0.0183	0.030175	9e-4	0.02165	0.003225	0	0	0.39545	0.77605	0.47435	0.19765	0.36345	0.548375	0.37175	0.0029	0.02985	0.045325	0.024875	0.018725	0.016125	0.005225
ADV1	0.2046	0.0021	0	0.070775	0.350475	0.46915	0.2235	0.330275	0.20635	0.02425	0.377975	0.04345	0.431175	0	0.3902	0.324675	0	0.26035	0.682075	0.407525	0.403325	0.120075	0.142775	0.34785	0.346475	0.0745	0.3181	0.397325	0	0.04255	0.361725	0	0.1324	0.07195	0.28505	0.086625	0	0	0.083075	0.498325	0.263575	0.2484	0.03155	0.32405	0	0	0	0	0.43075	0	0.005725	0.32645	0.78895	0.3502	0.1518	0.415	0.573225	0.31965	0	0	0.002225	0.019525	0	0	0
ART1	0	0.02305	0	0	0.156075	0.02395	0.0865	0.14235	0.0639	0	0.1106	0.0899	0.161575	0.132125	0.034575	0.22775	0	0	0.179875	0.190825	0.185425	0.070525	0.1704	0.292625	0.0183	0.029125	0	0.180725	0	0	0	0	0	0	0.3208	0	0	0	0	0.398375	0.084925	0	0.036975	0.143975	0	0	0	0.7461	0.167425	0.366025	0.4857	0.148675	0.68905	0.124875	0.28475	0	0.4253	0.239575	0.25965	0.073975	0.733275	0.6545	0.8526	0.7366	0
ART2	0	0.083625	0	0.1399	0.121725	0.071375	0.287375	0.326175	0.1841	0.02865	0.4099	0.101525	0.349275	0.384425	0.0578	0.40285	0	0.14645	0.299025	0.201125	0.39385	0.150725	0.21125	0.151825	0.048475	0.10025	0	0.386175	0	0.0244	0	0	0.1489	0	0.24375	0	0	0	0.014775	0.50535	0.2612	0	0.0487	0.384875	0	0.0221	0.0097	0.6658	0.4545	0.63235	0	0.2066	0.857425	0.336475	0.539275	0	0.66925	0.53335	0.310025	0	0.4906	0.723375	0.907525	0.90545	0.11335
ART3	0.1598	0.13195	0.039275	0.005425	0.282875	0.05675	0.2335	0.306	0.218725	0.06755	0.2027	0.1463	0.325375	0.008725	0.121525	0.1242	0.0481	0.03215	0.681225	0.4222	0.337825	0.16115	0.1732	0.2204	0.356025	0.0965	0.0863	0.342425	0.03265	0.03255	0.024775	0.0368	0.090775	0.16365	0.2119	0.0973	0.03185	0	0.066275	0.427725	0.230525	0.115075	0.0237	0.128475	0.035275	0.0971	0.057925	0.272425	0.34475	0.245275	0.3044	0.2751	0.3364	0.25395	0.256025	0.010158333	0.4253	0.225325	0.214375	0.11525	0.3709	0.3403	0.301125	0.427275	0.231125
ART4	0.133	4e-4	0.09055	0	0.1214	0	0.01785	0.114975	0.0697	0	0.1226	0	0.111725	0	0.03875	0	0.005025	0	0.423425	0.20595	0.160025	0.064725	0	0.099425	0.10845	0.0319	0	0.239575	0	0.0192	0.068025	0.023425	0.0441	0.008825	0.14595	0.05545	0	0	0.0371	0.26105	0.129475	0.09465	0	0.22465	0	0	0	0	0.021675	0.015475	0	0.06785	0.5684	0	0.455675	0.11965	0.3521	0	0	0	0	0	0.029825	0.0046	0
ART5	0	0.029625	7.5e-5	0.02615	0.268025	0	0.318	0.291825	0.211725	0.0139	0.21635	0.250375	0.259925	0.405275	0.017375	0.15015	0.001675	0.044075	0.24345	0.166825	0.16685	0.234275	0.1429	0.049875	0	0.116325	0.07645	0.382975	0	0.02785	0	0	0.14025	0.300425	0.282525	0.100125	0.003525	0.00805	0.0036	0.170525	0.231675	0.011025	0.082675	0.359875	0.004775	0.05535	0.008175	0.49705	0.2431	0.46555	0	0.247125	0.488475	0.24565	0.49335	0.013	0.483825	0.481275	0.418025	0.019525	0.338825	0.496975	0.511375	0.724875	0
ART6	0.06315	0.01515	0.008325	0	0.17595	0.004025	0.17595	0.175375	0.1418	7.5e-4	0.297075	0.166525	0.259275	0.1642	0.06755	0.388175	0	0.001425	0.506675	0.07025	0.245975	0.153775	0.141575	0.0106	0.0225	0.04585	0	0.289775	0	0	0.0575	0	0.07945	0.23775	0.17135	0	0	0	0	0.471075	0.174825	0	0.038175	0.249075	0	0.005325	0	0.61775	0.12085	0.361125	0	0.3703	0.58865	0.437525	0.3785	0	0.476325	0.2838	0.255225	0	0.580475	0.33595	0.317975	0.469375	0
ART7	0	0	0.19025	0	0.276375	0	0	0.256275	0.105775	0	0.113375	0.139775	0.232025	0.189775	0	0.0491	0	0	0.22225	0.2989	0.207025	0.1316	0.1829	0	0	0.026375	0	0.2453	0	0	0	0	0.0788	0.127625	0.17855	0.062525	0	0	0	0.415675	0.1114	0.15185	0.05535	0.277075	0	0.0058	0	0.692675	0.461875	0.46605	0	0.1882	0.60945	0.181	0.41665	0	0.46715	0.14955	0.39315	0.293775	0.579375	0.7432	0.87255	0.76395	0.1584
ART8	0	0.0425	0.198225	0	0.25025	0.062325	0	0.203275	0.118175	0.012925	0.3132	0.125275	0.202175	0.25265	0.080125	0.31155	0	0	0.3041	0.244875	0.2171	0.09165	0.200325	0.0056	0.040325	0.027675	0	0.241425	0	0	0	0	0.05015	0	0.176175	0	0	0	0	0.457425	0.125725	0	0.053375	0.222925	0	0	0	0.791625	0.4232	0.4598	0	0.221725	0.786625	0.286025	0.407175	0	0.484275	0.323725	0.349516667	0.15725	0.7966	0.759975	0.936775	0.823125	0
ART9	0	0.2006	0.00875	0.014175	0.3883	0.108975	0.3211	0.408275	0.237	0.06785	0.276025	0.285475	0.391925	0.0715	0.083575	0.4283	0.0092	0.02185	0.20345	0.230875	0.258175	0.1094	0.19725	0.08285	0.069575	0.098375	0.019875	0.3856	0	0.037925	0.0128	0	0.2094	0.32785	0.28245	0.007425	5.25e-4	0	0.044125	0.0197	0.28005	0.01715	0.1453	0.4308	0.017075	0.085875	0.05125	0.44275	0.43295	0.6518	0	0.316925	0.710375	0.4293	0.518975	0.13005	0.65585	0.3221	0.566575	0.22755	0.614625	0.782475	0.8034	0.724975	0.014375
BAC1	0	0.12955	0	0	0.0238	0	0.00445	0.103925	0.032275	0	0.082725	0	0.116675	0	0	0	0	0.12785	0	0.0848	0.05225	0.047375	0	0	0	0.00175	0	0.029875	0	0	0	0	0.02935	0	0.013825	0	0	0	0	0	0.064475	0	0	0.03345	0	0.0496	0	0.2439	0.0652	0.04085	0.06585	0.189025	0.1521	0.08495	0.062875	0.043275	0.084275	0.086725	0.2197	0	0.3849	0.44195	0.498025	0.1358	0.058575
BAC2	0	0.082375	0	0	0.3247	0.0341	0.3265	0.273825	0.191025	0.008275	0.40065	0.226625	0.253275	0.1318	0.048975	0.093875	0	0.26715	0.141475	0.27845	0.31765	0.213975	0.10465	0	0	0.12005	0.036025	0.3321	0	0.02185	0	0	0.1234	0.2608	0.248575	0.1238	0	0	3e-4	0	0.1891	0	0.059775	0.24525	0	0.0101	0	0.58375	0.378475	0.486125	0	0.395375	0.5848	0.138425	0.4479	0.247675	0.47155	0.38815	0.40055	0.027825	0.576625	0.574425	0.584025	0.652275	0
BAC3	0	0.0016	0.0156	0	0.219491667	0	0	0.141525	0.126275	0.02885	0.1056	0.172358333	0.100425	0.0496	0.018975	0.050275	0	0	0.09655	0.03285	0.0196	0.008825	0.02025	0.016975	0.002625	0.0352	0	0.317508333	0	0.022375	0	0	0.0875	0.01545	0.04625	0	0	0	0	0.50885	0.236525	0.0347	0	0.039975	0	0	0	0.43120000000000003	0.1632	0.354725	0	0.1793	0.262316667	0.220191667	0.349925	0	0.4311	0.177125	0.088583333	0	0.29975	0.219308333	0	0.1056	0
BAC4	0	0.050775	0	0	0.0526	0.00445	0.10655	0.1025	0.157825	0.0338	0.3586	0.081925	0.1536	0	0.031375	0.103025	0	0	9.25e-4	0.074675	0.02905	0.102175	0	0	0	0.0143	0.019125	0.19385	0	0.04805	0.0089	0	0	0.005625	0.010175	0.023975	0.011575	0	0.02925	0.53645	0.132925	0.067925	6.75e-4	0.1495	0	0	0.018675	0.341225	0.052775	0.05345	0.03465	0.06985	0.230025	0.125075	0.1775	0.053425	0.137525	0.180525	0.0547	0.010975	0.202608333	0.097575	0.097266667	0.359725	0
BAC5	0.032874999	0.009474999	0.093775003	0.009750001	0.029324998	0.008699999	0.049050001	0.007525001	0.0311	0.09545	0.005424999	0.033550002	0.120800001	0.001224999	0.109274999	0.053775001	0.01415	0.011424999	0.048175	0.005375001	0.049399998	0.069099998	0.032299999	0.048425	0.011375001	0.083225	0.045850001	0.11595	0.0283	0.1141	0.066700002	0.029725001	0.009549999	0.041250002	0.022275	0.064975001	0.004225001	0.072675001	0.021975	0.224475	0.313175	0.027900001	0.013000001	0.115925001	0.001975	0.03885	0.03305	0.33064999900000003	0.038200001	0.1982	0.123800002	0.16945	0.232625	0.125399999	0.078399999	0	0.201175001	0.143350002	0.091850001	0.057733333	0.156075001	0.110850001	0.181974999	0.116808333	0.029099999
BAC6	0	0.12635	0	0	0.2916	0	0.1803	0.18075	0.092925	0.0276	0.2205	0.137225	0.181075	0.220825	0.0336	0.3536	0	0.19305	0.081125	0.17185	0.12315	0.11565	0.102675	0	0	0.0428	0	0.121825	0	0.01695	0	0	0.067325	0	0.097125	0	0	0	0	0.009591667	0.13205	0.054525	0	0.2012	0	0	0	0.351225	0.13255	0.16195	0	0.23005	0.309225	0.08365	0.14115	0.1738	0.18725	0.18665	0.212425	0.019825	0.35505	0.4999	0.466325	0.342375	0
BAC7	0	0.12805	0.080975	0	0.009075	0	0.0087	0.074575	0.05645	0.020475	0.2401	0	0.07305	0	0	0.0144	0	0.07845	0.006	0.22915	0.026475	0	0.0215	0	0	0	0	0.1452	0	0.018775	0	0	0.06485	0	0.085775	0	0.006275	0	0.020025	0	0.15365	0	0	0	0.0059	0.0349	0.0031	0.2403	0.216625	0.162675	0.0029	0.1643	0.262675	0.273275	0.1296	0.26615	0.14205	0.1279	0.160475	0.003625	0.446575	0.42135	0.376825	0.359025	0.086625
BAC8	0	0.1331	0	0.004475	0.034875	0	0.10275	0.123975	0.06655	0.04085	0.209075	0	0.116725	0	0.0044	0.01355	0.0055	0.149175	0	0.1554	0.059925	0.109625	0	0.01725	0	0	0	0.218975	0	0.026375	0	0	0.048825	0	0.08155	0	0.0188	0	0.016975	0	0.109525	0	0.017425	0.066308333	0	0.04605	0.00705	0.35355	0.09875	0.122875	0.0042	0.129825	0.282625	0.0931	0.1914	0.18335	0.175425	0.1998	0.130425	0.001775	0.491025	0.47807500000000003	0.413775	0.248825	0.060875
BOR1	0.015625	0.097825	0	0	0.09595	0.037275	0.20605	0.1193	0.138725	0.028475	0.255775	0.034325	0.083675	0	0.0536	0.080025	0	0.009575	0.214025	0.324175	0.25785	0.058175	0.007025	0.06355	0.03645	0.10565	0.06085	0.207575	0	0.04325	0.236275	0.003475	0.144725	0.06845	0.252875	0.080025	0	0	0.089025	8.41667e-4	0.195225	0.114175	0.04805	0.313875	0	0.0381	0.007925	0.13747500000000001	0.171591667	0.12245	0	0.204625	0.13215	0.072625	0.1095	0.01565	0.140741667	0.0314	0.128225	0.02035	0.181225	0.129925	0.11385	0.475366667	0
BRE1	0.039924999	0.081925003	0	0.059875002	0.029875	0.036025	0.108700001	0.162849999	0.097375	0.042025002	0.167799999	0.103475001	0.01705	0.013425	0.034199998	0.057799999	0.0067	0.160325002	0.057050001	0.081974999	0.004125	0.0781	0.090325001	0	0.035775	0.057249999	0.023825002	0.048775	0.008925	0.017874998	0	7.99998e-4	0.008925002	0.008599998	0.028900001	0.002675	0.014750004	0	0.026274999	0.00515	0.0155	0.010524999	0	0.088099999	0.01625	0.034549999	7.75001e-4	0.107200001	0.018025	0.201975001	0	0.049675003	0	0.007150001	0.025425	0.012175	0.074075002	0	0.01605	0	0.088525	0.049525002	0.022375001	0.095800002	0
BRE2	0.1555	0.00925	0	0	0.26495	0.021775	0.12205	0.2911	0.06795	0	0.257125	0	0.308925	0	0.31465	0	0	0.00365	0.663575	0.3869	0.122625	0.053325	0	0.262475	0.115625	0.055725	0	0.370925	0	0.016575	0.05715	0.02835	0.0587	0	0.217575	0.073625	0	0	0	0.470183333	0.18435000000000001	0.06495	0.00595	0.260525	0	2.5e-5	0	0	0.095775	0.0276	0.035125	0.13545	0	0	0	0.282641667	0.145658333	0.0228	0	0	0	0	3.5e-4	0	0
BUR1	0.295025	0.444075001	0	0.1757	0.372675	0.481075	0.298875001	0.305774999	0.2028	0.03105	0.378875	0.096375001	0.366874997	0.0541	0.222399996	0.424524999	0.032625002	0.35605	0.620350004	0.354975003	0.400425	0.273474998	0.450475	0.513175	0.0606	0.1385	0.413	0.364875	0.023175	0.0387	0.481675	0.07105	0.0848	0.02325	0.03085	0.128825	0.022825	0.0193	0.023725	0.511925	0.25095	0.219475	0.126425	0.16725	0.013825	0.04285	0.0151	0.527525	0.61305	0.623125	0.5429	0.579825	0.76835	0.571075	0.684525	0.235725	0.588775	0.38335	0.512275	0.008425	0.261425	0.09375	0.568325	0.8905	0.041
CHR1	0	0	0	0	0	0	0	0.007025	0.032125	0	0.0241	0	0	0	0	0	0	0.0067	0.015725	0.013	0	0.044525	0	0	0	0.044	0	0	0	0	0	0	0	0	0	0	0	0	0	0.501425	0.201125	0.0147	0	0	0	0	0	0	0	0.0038	0.068675	0	0.005475	0	0.01075	0	0.023516667	0	0	0	0.02435	0.00705	0	0.013275	0
CHR2	0	0.001225	0	0	0	0	0.037575	0.020675	0.0823	0	0.13645	0	0.015075	0	0	0	0	0.04155	0.018825	0.096175	0	0.067	0.005975	0.009175	0	0.024875	0	0.05695	0	0.015125	0	0.0288	0	0	0.01115	0	0	0	0.0059	0	0.002925	0.012475	0	0.001175	0	0.003925	0	5.75e-4	0.00725	0	0.065525	0.11535	0.05175	0	0.046025	0	0.055475	0.03275	0	0	0.0545	0.0255	0.025975	0	0
CHR3	0	0.0019	0.0017	0	0	0	0.0024	0.038175	0.0586	0	0.01235	0	0	0	0	0	0	0.00295	0.0037	0.0319	0	0.0149	0	0	0	0.008975	0	0.0042	0	0	0	0	0	0	0	0	0	0	0.01135	0	0.1014	0.005075	0	0.0016	0	0.014025	0	0.0642	0	0	0.096225	0.047625	0.05715	0	0.104975	0.006875	0.061075	0	0.00125	0.026975	0.06765	0.0156	0	0	0
CHR4	0	0.10785	0.002925	0.00505	0	0.002825	0.00945	0.099375	0.093875	0.012875	0.069583333	0	0.002475	0.005525	0.022825	0.0028	0	0.088325	0.041975	0.09815	0.013325	0.046825	0.032475	0.0214	0.0113	0.01645	0.0027	0.0116	0.01235	0.007425	0.022175	0.013525	0.008425	0.0105	0.0263	0.00915	0.00825	0.00245	0.046	0.495975	0.0313	0.033475	0	0.0431	0.005975	0.055175	0.004975	0.06315	0.023975	0.001375	0.1164	0.098175	0.096641667	0.049958333	0.113675	0.068	0.104925	0.09245	0.0358	0.067925	0.097025	0.042325	0.013825	0.0014	0.0081
CHR5	0.168475	0.0167	0.130775	0.0275	0.31595	0.04015	0	0.303575	0.107775	0.00975	0.2364	0.03545	0.3531	0	0.111475	0	0	0.1303	0.61165	0.38675	0.290375	0.08415	0.001525	0.127425	0.001758333	0.0761	0	0.396	0	0.036175	0.005325	0.083625	0.0878	0	0.2633	0.094275	0	0	0.0307	0.4986	0.200175	0.211625	0.00985	0.019925	0	0.035675	0	0.001475	0.166475	0.04655	0.183625	0.212725	0.794208333	0.029025	0.5647	0.016175	0.431575	0.061075	0.003025	0.00225	0.10415	0.017416667	0.76405	0	0
CHR6	0	0	0	0	0	0	0.046125	0.02675	0.133375	0.018975	0.165025	0	0.005025	0	0	0	0	0.04375	0.022225	0.076275	4.5e-4	0.046925	0.00725	0.003975	0	0.04295	0	0.013475000000000001	0	0.028825	0.002225	0	0	0	0.0344	0.00365	0	0	0.0041	0.48955	0.025075	0.04455	0	0.05315	0	0.0344	0	0.020575	0.03415	0.03345	0.091775	0.114275	0.0909	0.0217	0.05285	0.019	0.093825	0.02185	0.021125	0.0021	0.0916	0.04675	0.010825	0.042125	0.002275
CUP1	0.1262	0.01265	0.161625	0	0.153325	0.240475	0	0	0.329425	0.02735	0.522125	0.035225	0.2447	0	0.3849	0.007925	0.015525	0.02235	0.594675	0.19365	0.5294	0.31545	0.318125	0.130275	0.267725	0.17875	0.42795	0.461325	0	0.08215	0.2455	0.150525	0.264225	0.06775	0.431725	0.236075	0	0.0164	0.046625	0	0.408125	0.014475	0.075025	0.08935	0.001525	0.0028	0	0	0	0	0	0.001075	0	0	0	0	0.00165	0.012525	0	0	5.75e-4	0.0578	0	0	0
CUP2	0.222075	0.12155	0.0122	0.0071	0.164275	0.629925	0.424275	0.07085	0.3529	0.08295	0.514275	0.056975	0.3248	0	0.692225	0.05505	0.060975	0.1088	0.57775	0.297525	0.5388	0.404375	0.35375	0.3115	0.18485	0.22245	0.561275	0.500025	0.029125	0.103975	0.392125	0.24185	0.423975	0.10215	0.02145	0.270975	0.0377	0.029525	0.161275	0.788775	0.445975	0.43775	0	0.2961	0.012725002	0.022350002	0.074725	0.703775	0.064225	0.2844	0.5313	0.31265	0.51235	0.183675	0.83085	0.104175	0.479275	0.23845	0.20355	0.06295	0.62845	0.25395	0.212275	0.598425	0.029375
CUP3	0.016999997	0.0266	0.007649999	0	0	0.066524994	0.035949997	0.008824996	0.027174998	0.010274999	0.0669	0	0.063924998	0	0.088725001	0.024374999	0	0.033499994	0.075149998	0.035949997	0.051324997	0.033775002	0.004875001	0.082875009	0.024174995	0	0.055849999	0.0733	3.25002e-4	0.006375004	0.035549995	0.019250009	0.049149994	0	0.043650002	7.99998e-4	0.008749999	0	0	0.034649998	0.027474999	0.032425001	0	0.027975	0	0	0	0.002250005	0	0	0	0	0.037300002	0	0.089299999	0	0.0048	0.013374999	0.001950003	0	0.052500002	0.003224991	0.012874998	0	0
CUR1	0	0	0	0	0.03235	0	0.02035	0	0.01865	0	0.225366667	0	0.0302	0	0.00835	0	0	0	0	0	0.009575	0.019575	0	0	0	7.25e-4	0	0.14795	0	0	0	0.008025	0	0	0.180275	0.005775	0	0	0	0	0.124425	0	0.01195	0	0	0.0018	0	0.08555	0.0763	0.09585	0.103875	0.046175	0.135725	0.09385	0.179025	0	0.1104	0.117625	0.12315	0	0.091075	0.08745	0.09925	0.09165	0.067425
DEL1	0.007525	0	0.03085	0	0	0.183625	0	0	0.0986	0	0.230675	0.048825	0.232925	0	0.4613	0	0.0083	0	0.47145	0.242275	0.180125	0	0.0082	0.368825	0	0.026275	0.2508	0.194275	0	0	0.18285	0.02345	0.026125	0.141925	0.191275	0.057375	0	0	0	0.3614	0.16135	0.037375	0	0.187075	0	0	0	0	0	0.37315	0	0	0	0	0.330125	0	0	0	0	0	0	0	0	0	0
DEL2	0.04645	0	0	0	0	0.1895	0.095925	0	0.0988	0	0.27955	0.0919	0.25175	0	0.423925	0	0	0	0.443175	0.314525	0.254325	0	0.05025	0.191175	0.00185	0.0362	0.24715	0.21615	0	0.0092	0.246475	0.003825	0.03315	0.173025	0.18185	0	0	0	0	0.4153	0.165775	0.052775	0.013425	0.221325	0	0	0	0.0527	0.113675	0.454175	0.095275	0.04015	0.135125	0.07735	0.2731	0	0.141675	0.089025	0	0	0.066975	0	0	0	0
DYE1	0.00345	0	0	0	0.00265	0	0.052575	0.02115	0.052525	0.03145	0	0	0.135375	0	0	0	0	0.085225	0	0.165175	0.0113	0	0	0	0	0	0	0	0	0.022175	0.006325	0	0.03785	0.257216667	0.073475	0	0	0	0.00155	0	0.0857	0	0	0	0	0.01375	0	0.17365	0.0855	0	0.083225	0	0.18845	0.15015	0.1344	0.19345	0.1131	0.130475	0.158725	0	0.439375	0	0.05095	0	0.0701
EMP1	0.03385	0	0	0	0.0575	0.065725	0.073425	0	0.24395	0.0476	0.2264	0	0.054225	0	0.125775	0	0	0.0411	0.16295	0.14395	0.203825	0	0	0.03485	0.042925	0.08175	0.1783	0.14365	0	0.0696	0.059125	0.11715	0.28675	0.00365	0.3131	0.1895	0.007775	0.01605	0.003575	0	0.341175	0	0.0443	0.049275	0	0	0	0	0	0.040975	0.04485	0	0	7.75e-4	0.028275	0.0686	0	0.009025	0.01275	0	0	0.027925	0.108725	0.137675	0
EMP2	0	0	0	0	0.005325	0	0	0	0.007875	0	0	0	0	0	0	0	0	0	0	0	0	0	0	0.004475	0	0	0	0.331683333	0	0.010325	0	0.037475	0	0	0.245975	0	0	0	0	0.4929	0.064775	0.107	0	0	0	0	0	0	0.125975	0	0.076325	0.0333	0	0	0	9.25e-4	0.42945	0	0.0222	0	0.0943	0	0	0	0
ENS1	0.193525	0.3046	0	0.187225	0.304075	0.1093	0.250425	0.2095	0.209525	0.052625	0.3248	0.0058	0.272675	0.013525	0.196225	0.25535	0.012075	0.33535	0.035575	0.39765	0.046925	0.19095	0.19475	0.0865	0.04615	0.1253	0.02075	0.027375	0.01645	0.0679	0.0762	0.1148	0.1621	0.07085	0.2218	0.019175	0.00885	0.0012	0.033875	0.012258333	0.20645	0.2038	0.057025	0.28175	0.01835	0.064375	0.024425	0.536025	0.278925	0.328575	0.34815	0.340325	0.607375	0.224675	0.460575	0.02275	0.51355	0.305675	0.2776	0.467125	0.50725	0.474925	0.4943	0.4996	0.1982
ENT1	0	0.010625	0	0	0	0	0.132275	0.02385	0.095025	0	0.290775	0	0.186325	0	0	0	0	0.22905	0.03105	0.317375	0.028075	0.053925	0.05375	0.016875	0	0	0	0.241675	0	0	0	0	0.041475	0	0.147125	0.006	0	0	0	0.05765	0.12465	0	0.0509	0.011675	0	0	0	0.558425	0.311675	0.23735	0.2516	0.239625	0.4949	0.22175	0.28695	0.251325	0.321925	0.199575	0.35307500000000003	0.082275	0.577675	0.5199	0.65885	0.528825	0
ENT2	0.00275	0.036525	0.011025	0	0.229375	0.002725	0.107775	0.179675	0.0919	0.0071	0.23525	0.032075	0.196975	0	0.0125	0.02395	0	0.033675	0.445175	0.257125	0.259475	0.053275	0.0177	0.066025	0	0.00625	0.01305	0.157075	0	0	0	0	0.026950000000000002	0	0.123675	0.031775	0	0	0	0.3799	0.0888	0	0.04805	0.197925	0	0	0.0233	0.51245	0.244825	0.18025	0.226975	0.2033	0.398725	0.18785	0.2557	0.152925	0.25725	0.138825	0.30885	0.106225	0.47565	0.5031	0.652775	0.40365	0
ENT3	0	0.032074999	0	0	0	0	0.104249999	0.021674997	0.104800002	0.023850001	0.182474998	0.007974998	0.188399998	0	0	0	0	0.015249998	0.020074999	0.144174997	0.022824999	0.097225002	0.009725001	0	0	0.0217	0	0.148424998	0	0.0155	0	0	0.02225	0	0.07335	0	0	0	0	0.105275003	0.061925	0.004725	0.025725	0.151075	0	0	0	0.406650002	0.245825001	0.089349998	0.181724997	0.088724998	0.19585	0.147875001	0.129724998	0.190975	0.10315	0.133199996	0.08135	0	0.319875001	0.019050001	0.018449997	0.218625002	0
ESC1	0.180475	0	0.130975	0	0.31765	0.00895	0	0.3113	0.131625	0	0.210675	0	0.335925	0	0.227075	0	0	0.048875	0.659925	0.38555	0.34645	0	0	0.357075	0.024875	0.06825	0	0.386	0	0.024825	0	0.069425	0.075925	0	0.24005	0.08315	0	0	0.009525	0.47745	0.230525	0.09335	0	0.2502	0	0	0	0.02755	0.166375	0.111875	0.084975	0.236425	0.297675	0.06315	0.02125	0.27625	0.2581	0.046025	0	0.009375	0.133175	0.027425	0	0	0
FAL1	0	0	0	0	0.018199999	0	0.020800002	0.019224998	0.036025001	0	0.238600003	0	0	0	0	0	0	0	0	0.0331	0	0	0	0	0	0	0	0.327125	0	0.037599999	0.013774999	0.004799997	0.002675	0	0.262674998	0.00165	0	0	0.017799999	0	0.244349998	0.0091	0	0.314199999	0	0	0	0.338174999	0.3896	0	0.367850002	0.046675	0.416224999	0.341775	0.235449998	0	0.409325	0.345774997	0.002100002	0	0.615650001	0.162050001	0.776975002	0.670199999	0
FIC1	0.007175	0.010675	0.004125	0	0.0074	0	0.1658	0.00155	0.010575	0.0089	0.1839	0.00745	7e-4	0	0.006375	0.012975	0	0.01095	0.006075	0.0089	0.012	0.10895	0.00935	0.018525	0.003825	0.03615	0	0	0	0.0047	6e-4	0	0.070875	0.006525	0.137125	0.0595	0	0	0	0.3641	0.11485	0	0.0241	0.0194	0	0	0	0.56475	0.225775	0.2122	0.297175	0.256175	0.5243	0.257575	0.288725	0.253025	0.281475	0.302425	0	0.1904	0.4875	0.471625	0.614325	0.578525	0
FLA1	0.032125	0.1784	0.016675	0.02865	0.0641	0.02415	0.1536	0.077175	0.18485	0.079325	0.258625	0	0.033525	0	0.028975	0.067775	0	0.237025	0.051025	0.1514	0.04175	0.097575	0.03215	0	0.0363	0.106175	0.026775	0.03375	0.025575	0.059925	0.041775	0.0411	0.036875	0.0123	0.099675	0.040775	0.0237	0.003875	0.05695	0.0313	0.075025	0.0437	0.037025	0.0348	0.03525	0.041525	0.05825	0.603375	0.375675	0.03025	0.4181	0.21725	0.6877	0.418775	0.3011	0.220975	0.4912	0.423325	0.027825	0.359825	0.6576	0.579125	0.087025	0.03145	0.016775
FLA2	0.049325001	0.1664	0	0.08335	0.062625	0.063500001	0.057975	0.153349999	0.179674998	0.049774999	0.277200001	0	0.077049999	0.025775	0.028475	0.073799998	0.005625002	0.216049999	0.04435	0.1831	0.035650001	0.115275001	0.070375002	0.032425002	0.012250001	0.0843	0.018949999	0.042424999	0.007525002	0.060725	0.032	0.027975	0.084625	0.027925	0.119524999	0.037800001	0.058624999	0.044299999	0.052525	0.031016667	0.150075	0.109075	0.010225	0.050974998	0.061125002	0.078049999	0.039525002	0.709900002	0.512874998	0.0388	0.505650001	0.222125	0.696275002	0.41655	0.327124996	0.283200002	0.54895	0.434574999	0.056950001	0.244725001	0.739550001	0.209100001	0.544875	0.720124999	0.040674999
FLA3	0.0059	0.061125	0	0.022075	0.016925	0.021725	0.0626	0.083475	0.0703	0.01425	0.1433	0	0.088825	0.0063	0.0161	0.0474	0.005725	0.15085	0.016175	0.11125	0.015225	0.05615	0.01215	0.005575	0.013675	0.053075	0.007575	0.005075	0.006175	0.019125	0.011825	0.06315	0.015975	4.5e-4	0.02465	0.022975	0.01325	0.019875	0.02795	0.01775	0.290525	0.0382	0.02495	0.0084	0.02155	0.0186	0.016975	0.754675	0.448875	0.0119	0.38855	0.13515	0.787475	0.290233333	0.337225	0.213975	0.442458333	0.360375	0.0137	0.183975	0.777625	0.01725	0.01075	0.013775	0.0231
FLA4	0	0.132875	0.0034	0.007125	0.008175	0.01605	0.0271	0.096175	0.13285	0.02355	0.060625	0	0.012775	0	0.00875	0.0182	0.0025	0.149	0.033175	0.06505	0.011025	0	0	0.00415	0.003675	0.070825	0.002075	0.0107	0.010925	0.06185	0.0076	0	0.02665	0.014475	0.0787	0.008925	0.011525	0.01225	0.037075	0.0061	0.084675	0.0058	0.0148	0.014825	0.011525	0.0261	0.01395	0.8287	0.521375	0.087775	0.45935	0.163425	0.74865	0.45495	0.356525	0.22855	0.47895	0.41595	0.1298	0.101675	0.8293	0.149175	0.133475	0.1103	0.0421
FLA5	0.035149999	0.0059	0	0.004825001	0.054600002	0.030250001	0.004000002	8.50001e-4	0.0578	0.086550003	0	0.043774999	0.073699999	0	0.041099999	0.077550001	0	0.00135	0	0.020674999	0	0.037699999	0	0.021875001	0.001150003	0.048475001	0	0.036749999	4.49999e-4	0.106249999	0.081775	0.031899999	0	0.0252	0.069500001	0.007074999	0.043475001	0.079475	0.0359	0.095450002	0.035450001	0.075	0	0.1523	0.079399998	0.049474999	0.062075	0	0.092	0.041174998	0.028124999	0	0	0.047600002	0	0	0.074575002	0.0808	0.059475	0.00935	0.042925002	0.020925	0	0.049375	0.025675001
FLA6	0.041875001	0.00675	0.044399998	0.022949999	0.3702	0.039375	0.2897	0.127925002	0.3037	0.069208335	0.011558333	0.061350001	0.049900002	0.003574998	0.078575	0.065450001	7.50001e-4	0.089175	0.034250001	0.135624998	0.039224998	0.080075	0.121500002	0.038925001	0.033124999	0.031275001	0.044975001	0.062125	0.024900002	0.060850001	0.06325	0.065374998	0.116325	0	0.079100001	0.0861	0.036799999	0.020075	0.063225001	0.018958333	0.105500002	0.048724999	0.040149998	0.105249999	0.061499998	0.071049998	0.023775	0.443974999	0.062575	0.036474999	0.008825	0.006225	0.118349998	0.037583332	0.020291666	0.027175	0.427124998	0.040608334	0.085149999	0.117699999	0.075300002	0.0087	0.6395	0.445599999	0.058675
HER1	0.032525	0.006625	0	0.045775	0.42395	0.115175	0.133275	0.240525	0.141175	0.041625	0.326575	7.25e-4	0.254308333	0	0.200775	0.010475	0.00305	0.0146	0.185625	0.146825	0.23825	0.0264	0.006575	0.087475	0.0365	0.038175	0.0774	0.423375	2.5e-5	0.077275	0.0332	0.12415	0.052525	0.00825	0.31315	0.06435	0.00665	0.023875	0.048125	0.537075	0.26875	0.17925	0	0.455225	0.023475	0.033225	0.013475000000000001	0.0211	0.27735	0.200425	0.201525	0.136575	0.5261	0.075275	0.11655	0.0432	0.58245	0.03535	0.116975	0.023025	0.03975	0.046875	0.0282	0.0443	0.094275
KLE1	0	0.067925	0.0339	0.0587	0.4677	0.044575	0.214975	0.0676	0.1799	0.084675	0.14225	0.048675	0.33835	0.018875	0.02845	0.030825	0.039475	0.07155	0.0757	0.347375	0.0838	0.1305	0.087575	0.04335	0.0269	0.121675	0	0.32625	0.027725	0.085075	0.053225	0.032325	0.186825	0.061475	0.249925	0.120275	0.07815	0.03185	0.054175	0.50655	0.2346	0.00485	0.0476	0.126675	0.04945	0.078375	0.06045	0.647875	0.40195	0.331925	0.33625	0.269275	0.58135	0.360575	0.387275	0.3434	0.431275	0.3446	0.27535	0.2573	0.55845	0.578475	0.61985	0.59365	0.012325
KLE2	0.0194	0.04755	0.0254	0.020825	0.381925	0.0427	0.198575	0.279575	0.151175	0.0807	0.260425	0.041725	0.2364	0.013925	0.02785	0.0471	0.02125	0.0649	0.088075	0.330125	0.063	0.166225	0.108825	0.048525	0.0282	0.1548	0	0.339	0.01275	0.059225	0.0945	0.02085	0.18645	0.034925	0.1901	0.1348	0.032025	0.030525	0.042725	0.4459	0.214475	0.1679	0.112575	0.129575	0.017175	0.045925	0.057975	0.58485	0.344225	0.2892	0.36695	0.303325	0.57455	0.329425	0.352275	0.32175	0.378375	0.2866	0.240025	0.220475	0.542175	0.482925	0.646575	0.5676	0.0201
KLE3	0	0.044725	0.0216	0.02935	0.371475	0.0358	0.159725	0.2719	0.1721	0.07575	0.26685	0.058	0.23345	0.00655	0.0179	0.0338	0.019025	0.067775	0.08805	0.3102	0.0516	0.13785	0.086	0.052075	0.0197	0.134775	0	0.33595	0.008225	0.05275	0.083675	0.01385	0.18645	0.029075	0.166	0.120625	0.021875	0.02195	0.045375	0.4248	0.213525	0.164175	0.10495	0.124425	0.011925	0.03445	0.059925	0.586675	0.348825	0.2664	0.350125	0.28145	0.5274	0.310375	0.33515	0.2956	0.3394	0.249775	0.235325	0.21105	0.534175	0.4992	0.638175	0.57555	0.01005
KOS1	0.03885	0.138699999	0.027199995	0.020450001	0.109299997	0.0768	0.191850001	0.129575002	0.219800001	0.089249999	0.330825001	0.026224998	0.189975002	0.01295	0.02515	0.052424997	0.026199999	0.119449999	0.039850001	0.406799998	0.061925001	0.2078	0.113125	0.056850001	0.036275001	0.18195	0.034875	0.301950001	0.019225	0.063950002	0.211100001	0.0499	0.165424996	0.021174998	0.207225001	0.016849999	0.027625003	0.014899999	0.043324999	0.58305	0.175250001	0.024625	0.103700002	0.32155	0.016650002	0.0619	0.055524999	0.533275001	0.459774999	0.3155	0.383775002	0.289075	0.436399999	0.351175	0.361024999	0.30835	0.390474998	0.265799999	0.1137	0.286500002	0.554074997	0.542874999	0.67465	0.544225002	0.016849999
KOS2	0	0	0	0	0.100975	0.00315	0.0545	0.0113	0.0467	0.005025	0.086975	0	0.049075	0	0	0	0	0.021925	0	0.1385	0	0.039025	0.010125	0	0	0.0129	0	0.07775	0	0	0	0	0.0305	0	0.0375	0.0139	0	0	0	0.18175	0.05475	0.1548	0.0215	0	0	0	0	0.2844	0.220625	0.1744	0.19675	0.185975	0.4124	0.118275	0.1692	0.1555	0.274	0.10905	0.2486	0.1215	0.3545	0.5064	0.635275	0.371825	0
LYS1	0.0019	0.03625	0.01165	0.069525	0.01655	0.0087	0.034175	0.0161	0.06475	0.025675	0.273225	0.019825	0.035991667	0	0.01905	0.017925	0.002575	0.041325	0.022425	0.150925	0.027425	0.07095	0.005325	0.02035	0.017175	0.098775	0.0256	0.098175	0	0.02025	0.02935	0.014	0.04075	0.0157	0.08805	0.070625	0.00605	0.012925	0.0402	0.02015	0.019225	0.0064	0.01705	0.0057	0.01095	0.0349	0.024775	0.2049	0.02235	0.097925	0.090275	0.113225	0.28205	0.080275	0.11605	0.1638	0.208025	0.072275	0.011225	0.03655	0.1929	0.047225	0.0165	0.368925	0.016975
LYS2	0.0525	5e-5	0	0	0.031275	0.00395	0.212575	0.256475	0.2233	0.00555	0.31045	0	0.17805	0.04945	0.0191	0.119225	0	0.247925	0.004825	0.206225	0	0.140625	0	0	0	0.121075	0	0.3139	0	0.01635	0	0	0.215	0	0.254525	0.010975	0.01725	0	5.25e-4	0.003325	0.2174	0	0.1198	0.010808333	0	0.021075	0	0.7084	0.53075	0.556525	0.5211	0.291125	0.722125	0.454975	0.50665	0.278325	0.485125	0.41985	0.0969	0.29465	0.729425	0.528575	0.709475	0.680425	0
MIC1	0.012275	0.0444	0	0.02725	0.072525	0	0.01285	0.225575	0.051975	0	0.104225	0.0286	0.09715	0	0.02525	0	0	0.136475	0.035475	0.059225	0.016225	0.0245	0	0.011575	0	0.054	0	0.039975	0	0.0206	0	0	0.020275	0	0.112225	0	0	0	2e-4	0	0.13705	0	2.5e-4	0	0	0.0123	0	0	0	0	0	0	0	0	0	0	0.01855	0	0.00375	0	0	0	0	0	0
MIC2	0.05445	0.089175	0.013125	0.0211	0.2592	0.0235	0.09045	0.034475	0.099625	0.0306	0.06025	0	0.07705	0.028625	0.016325	0.0385	0.004225	0.0538	0.0206	0.045775	0.05005	0.040525	0.03775	0.043625	0.008525	0.036525	0.015575	0.122325	0.00495	0.01725	0.02515	0.0244	0.0935	0.003875	0.0908	0.028375	0.015	0.015375	0.03635	0.0139	0.1178	0.0161	0.0203	0.02275	0.034975	0.04825	0.04425	0.102275	0.185575	0.102125	0.116075	0.05095	0.103908333	0.1401	0.12835	0.02285	0.102925	0.148875	0.016025	0.0453	0.142875	0.044825	0.013075	0.11435	0.011825
MIC3	0.021525	0.04	0	0.019875	0.1763	0.02985	0.088625	0.1013	0.13955	0.0231	0.12255	0	0.12635	0	0.052675	0	0	0.039225	0.081025	0.0466	0.037225	0.0815	0.04715	0.010325	0	0.0661	0.0086	0.1662	0.008125	0.0463	0.01	0.027675	0.09695	0	0.1205	0	0.0133	9.25e-4	0.0435	4.75e-4	0.11385	0.023825	0.022975	0.0364	0.010575	0.05675	0.008	0.158075	0.206325	0.193	0.193925	0.153725	0.209875	0.23	0.2287	0.0023	0.21925	0.20505	0.009625	0.12895	0.215625	0.056825	0.02275	0.1904	0.00475
MIC4	0	0.0199	0	0	0.19435	0.03435	0	0	0	0	0.1218	0	0	0	0.01305	0	0	0.11265	0	0	0	0	0	0.0098	0	0	0	0.311925	0	0	0	0	0.009175	0	0.126725	0	0.29695	0	0	0.47265	0.10725	0.045975	0.007425	0	0	0	0	0.0501	0.12165	0.095675	0.121225	0.0336	0.2063	0.048875	0.1022	0	0.110425	0.04025	0.008525	0.0406	0.0969	0.10685	0.025525	0.119275	0
OCH1	0.109	0.132025	0.15055	0.04895	0.3422	0.026125	0.031175	0.085325	0.2166	0.0791	0.178575	0.007025	0.1196	0.018825	0.056	0.070325	0.0257	0.112925	0.016875	0.1344	0.1334	0.206875	0.1281	0.057575	0.04685	0.114025	0.01815	0.1073	0.01285	0.0868	0.07985	0.0529	0.1581	0.126775	0.21575	0.02175	0.037275	0.012825	0.0605	0.134025	0.2039	0.0395	0.06095	0.17045	0.02475	0.082975	0.0256	0.0562	0.221875	0.144575	0.1975	0.21775	0.232975	0.19905	0.2355	0.041675	0.217625	0.13495	0.071425	0.154475	0.214025	0.0804	0.0914	0.213575	0.03295
OCH2	0.108775	0.289875	0	0.01575	0.244425	0.117475	0.141925	0.14455	0.1953	0.008525	0.230375	0.0141	0.19495	0	0.053325	0.162975	0	0.242725	0	0.26955	0.0434	0.109225	0.033025	3.25e-4	0.008225	0.141575	0	0.2646	0	0.02335	0.22785	0.01765	0.16325	0.0426	0.2248	0.003025	0	0	0	0.2477	0.2028	0	0.026325	0.320875	0	0	0	0.354125	0.40265	0.22675	0.307175	0.340675	0.404875	0.343875	0.333425	0.2594	0.354875	0.2746	0.182975	0.360475	0.4723	0.032	0.008125	0.341625	0.00745
PAE1	0.128	0.13605	0.152525	0.057325	0.2779	0.035725	0.033175	0.098525	0.21705	0.094325	0.1719	0.02575	0.127025	0.025025	0.055	0.091075	0.03565	0.1404	0.0651	0.141775	0.0956	0.151275	0.125575	0.0675	0.0708	0.109725	0.027125	0.08915	0.02105	0.10315	0.074725	0.058575	0.17955	0.1069	0.263325	0.0236	0.042175	0.03095	0.073375	0.340575	0.17015	0.025975	0.0554	0.158275	0.038025	0.082375	0.047025	0.212925	0.306525	0.16065	0.200225	0.351325	0.26965	0.24415	0.218375	0.0557	0.2595	0.229425	0.0736	0.1803	0.27615	0.27165	0.36485	0.24415	0.039625
PAE2	0	0	0	0	0.304325	0	0	0	0	0	0	0	0	0	0	0	0	0	0	0	0.11655	0	0	0.01705	0	0	0	0	0	0	0	0.003725	0	0	0.087125	0.008725	0	0	0	0	0.093275	0	0	0	0	0.007875	0	0.309975	0.20575	0.118925	0	0.224375	0.1608	0.34445	0.017525	0.026125	0.08675	0.072625	0.01635	0	0.3309	0.22015	0.3581	0.193525	0
PAE3	0.014025	0	0	0.018225	0.288941667	0.05205	0.015825	0.087875	0.0253	0.008525	0.04475	0	0.0853	0	0.014175	0	0.021125	0	0	0	0.0342	0	0	0.025575	0	0	0.01695	0.354483333	0.002925	0.00595	0.0174	0.064925	0	0	0.2961	0	0.009825	0	0.0511	0.5139	0.20325	0.107975	0.004225	0.016775	0	0.02195	3e-4	0.51845	0.361825	0.20035	2.75e-4	0.3144	0.5123	0.35725	0.0505	0.026575	0.400525	0.3491	0.04545	0.091125	0.5153	0.625625	0.6161	0.53415	0.011775
PAE4	0	0.052175	0	0.00585	0.105525	0.05085	0.05325	0.05715	0.12005	0.01765	0.131175	0	0.03065	0	0.083175	0.002575	0	0.026225	0.076875	0.22495	0.0643	0.069875	0.0028	0.022925	0	0.0189	0	0.35525	0	0.044275	0.014975	0.08755	0.003775	0.00295	0.2781	0.006225	0.012325	0.0033	0.017025	0.444925	0.197325	0.107625	0	0.038725	0.009625	0.021225	0	0.002625	0.0586	0.0152	0.07005	0.10695	0.408083333	0	0.0345	0.003575	0.453558333	0.015675	0.016775	0.0119	0.066175	0.0259	0.013475000000000001	0.0169	0.0433
PAE5	0	0	0	0	0.344675	0.017075	0	0.08235	0.01125	0.003175	0.224975	0	0.084775	0	0.0178	0	0	0	0.0222	0	0	0	0	0	0	0	0.005225	0.334583333	0	9.75e-4	0.005075	0.02265	0.003275	0	0.28845	0	0	0	0	0.516525	0.191325	0.08905	0	0.022075	0	0	0	0.230625	0.114425	0.0957	0.012625	0.0505	0.20755	0.08385	0.02895	0	0.10395	0.07065	0.04065	0	0.40195	0.159675	0.181975	0.24655	0.011475
PAE6	0.160025	0	0.099825	0	0	0	0	0.2521	0.009225	0	0.09445	0	0.33785	0	0.0425	0	0	0	0.59025	0.365225	0.0368	0	0	0.218675	0	0.0726	0	0.37805	0	0.0279	0.00755	0.09045	0.1016	0	0.224775	0.05035	0	0	0.03725	0.46415	0.17465	0.136825	0.0117	0.01365	0	0.0301	0.004525	0.221625	0.385325	0.2138	0.192025	0.243375	0.194575	0.260375	0.222925	0.139875	0.17025	0.18075	0.05865	0.017225	0.196425	0.191675	0.26275	0.21205	0
PAR1	0.1038	0	0	0.1631	0.276	0.07155	0.22635	0.20505	0.176875	0	0.29295	0.057175	0.254325	0	0.419225	0.081075	0	0.1201	0.568325	0.33155	0.303975	0.230575	0.1751	0.20745	0.008275	0.147975	0.236675	0.28595	0.0022	0.01085	0.185625	0.068375	0.2152	0	0.291625	0.10135	0	0	0.030475	0.42065	0.2581	0.213425	0.1195	0.2679	0	0	0	0.36115	0.31365	0.465525	0.51285	0.067725	0.611975	0.002475	0.3976	0	0.449925	0.231975	0.3195	0.0051	0.280825	0.0251	0.249525	0.44495	0
PAR2	0.186	0.079275	0	0.162725	0.34285	0.082175	0.18065	0.22405	0.174075	0.035125	0.306175	0.072575	0.2634	0	0.09705	0.226725	0	0.1838	0.733075	0.374525	0.30025	0.490266667	0.335	0.326425	0.100625	0.174025	0.42285	0.39785	0.00145	0.058875	0.209725	0.0321	0.298475	0.041	0.260775	0.252675	0.043075	0.0196	0.0391	0.54175	0.3261	0.20125	0.13535	0.23685	0.0309	0.026125	0.003075	0.03445	0.5119	0.59675	0.5152	0.4106	0.895075	0.459775	0.49735	0.39365	0.5702	0.1992	0.503975	0.038225	0.396575	0.0445	0.05165	1.25e-4	0.070325
PRO1	0	0	0	0	0	0	0.019800002	0	0.081725002	0	0.24455	0	0.177850002	0	0	0	0	0	0	0.267000001	0.237075001	0.086700001	0	0.619249997	0	0.067950001	0	0.242225	0	0	0	0	0	0	0.139375	0	0	0	0	0	0.12545	0	0	0	0	0	0	0	0	0	0.230549999	0.190074999	0	0	0.301975001	0	0.262550001	0	0	0	0	0	0	0	0
PRO2	0.107375	0	0	0	0.248775	0	0.120925	0.188275	0.142375	0.010525	0.287275	0	0.227975	0	0.2034	0	0	0	0	0.318575	0.357775	0.08825	0	0.575075	0.188525	0.0824	0	0.273475	0	0.0127	0.13615	0	0.129675	0	0.213275	0.019	0	0	0	0.354975	0.145475	0	0	0.195875	0	0	0	0	0.35955	0.342125	0.3811	0.29255	0.28085	0.08345	0.42655	0.219575	0.3816	0.18315	0.3984	0.3106	0	0.006425	0.0049	0.544375	0
PSE1	0.158725	0.0061	0	0.1179	0.32265	0.49285	0.181775	0.284175	0.165325	0.00905	0.338375	0.1258	0.037075	0	0.44945	0.057975	0	0.2423	0.0313	0.406275	0.324	0.1842	0	0	0.378775	0.115525	0	0.303975	0	0	0.32405	0	0.2298	0	0.244475	0.090025	0	0	0	0.38	0.232225	0.186725	0	0.30805	0	0	0	0	0.423925	0.4733	0.2568	0.366625	0.729925	0.1264	0.43445	0	0.515225	0.291325	0.4172	0.283425	0	0.0185	0	0	0
PSE10	0.059625	0.164725	0.132075	0.1047	0.18325	0	0	0.15965	0.109825	0	0.185	0.080175	0.222675	0	0.38965	0	0	0.073925	0.045275	0.20195	0.148925	0.147425	0	0.3067	0.292275	0.082025	0	0.237325	0	0.0078	0.231125	0	0.15635	0	0.171425	0.0689	0	0	0	0.30975	0.1298	0	0.034825	0.220625	0	0	0	0	0.11705	0.317	0.1878	0.302325	0.604525	0	0.33575	0.168925	0.391225	0.11445	0.341925	0.2967	0	0.01975	0	0.0519	0
PSE11	0.160450001	0.361025001	0.163075001	0.10195	0.334975001	0.467350002	0	0.289324997	0.192175002	0	0.343099998	0.121049999	0.377000001	0.006849998	0.439550002	0.297899998	0	0.306350001	0.244750001	0.3679	0.352550001	0.155425	0.076575003	0	0.356924999	0.0814	0	0.369625	0	0.005975	0.28365	0.0099	0.21315	0	0.263325	0.042925	0	0	0.0099	0.49195	0.220675	0.198825	0	0.311525	0	0	0	0	0.005250001	0	0	0.33485	0.825874999	0	0.519225	0.370625	0.532249999	0.169075	0	0	0	0	0	0	0
PSE12	0.08915	0.01575	0.151175	0.13035	0.22275	0.2056	0	0.186525	0.151725	0.013775	0.269208333	0.006425	0.249825	0.1898	0.111525	0.076775	0	0.04535	0.072975	0.29415	0.266	0.075325	0	0	0.28905	0.0587	0	0.262675	0	0.02955	0.24055	0	0.169425	0	0.17025	0.058375	0.003975	0	0.001275	0.33835	0.1547	0.143475	0.006625	0.26925	0	0.02655	0	0.589275	0.36785	0.384925	0.39425	0.29505	0.5414	0.375625	0.3542	0.29275	0.41255	0.305575	0.34475	0.3913	0.5494	0.55645	0.6625	0.570125	0
PSE13	0	0.037650004	0.02305	0.024649997	0.037000001	0.003550001	0.075949996	0.034174997	0.046000004	0.038325004	0.080324993	0.046574999	0.088424995	0	0.010699999	0.063974996	0	0.062749997	0.046100002	0.066500001	0.051175002	0.093474999	0.056074999	0.018200003	0	0.014275	0.025950003	0.096250005	0.023724996	0.036700006	0.041825003	0	0.052775003	0.008475001	0.082024999	0.021324995	0.029875003	0.009975005	0.002500001	0.081049993	0.074050002	0.060350001	0.077549997	0.057975005	0.008049995	0.104900002	0.046949998	0.1068	0.089350004	0.076200004	0.102475003	0.097274999	0.110675	0.064449999	0.091400005	0.083099999	0.085700005	0.0616	0.067724999	0.043274995	0.126649998	0.122999996	0.1523	0.11115	0.002474997
PSE14	0.099175	0.227125	0	0.041475	0.219575	0.43165	0.115275	0.17935	0.114225	0	0.214075	0.036575	0.224025	0	0.399175	0.194075	0.057325	0.172725	0.11455	0.25425	0.196975	0.0656	0.009	0	0.200375	0.0154	0	0.285875	0	0	0.073225	0	0.05725	0	0.1736	0	0	0	0	0.304725	0.1501	0.1259	0	0.222175	0	0	0	0	0	0	0	0.2851	0.605675	0	0.42155	0.3508	0.389075	0.1252	0	0	0	0.015375	0	0	0
PSE15	0.0622	0.1004	0.079425	0.118375	0.2768	0.0962	0.099675	0.1109	0.110325	0.0691	0.14405	0.0651	0.09255	0.062575	0.1304	0.087	0.083175	0.0696	0.1128	0.0885	0.0873	0.0699	0.070825	0.1348	0.09255	0.2044	0.060825	0.421675	0.00635	0.12295	0.074825	0.062675	0.30075	0.0652	0.3359	0.0828	0.091825	0.0576	0.136625	0.533325	0.262425	0.150975	0.04865	0.088325	0.072375	0.096225	0.075925	0.0523	0.111975	0.0725	0.1177	0.269425	0.244975	0.071375	0.07455	0.072025	0.298925	0.069975	0.12895	0.114375	0.073025	0.106425	0.083775	0.076175	0.09595
PSE2	0.171350001	0.043474998	0	0.087900002	0.292250002	0.140924997	0.175074999	0.273274999	0.154225003	0.014574999	0.304100002	0	0.324374999	0.073550001	0.123525001	0.061150001	0	0.044274996	0.159050004	0.383899999	0.286324996	0.14625	0.024249999	0	0.36645	0.078299999	0	0.284474997	0	0.037349998	0.166649997	0	0.160649998	0.001250001	0.189825005	0.084750002	0.008675	0	0	0.355824996	0.176824999	0	0.005649997	0.263225002	0.007524998	0.0389	0	0	0.362775001	0.403625005	0.362449998	0.2298	0.633499995	0.20145	0.410925001	0.333949995	0.408225	0.344625	0.391599999	0	0.005999997	0.022775	0.007450001	0.643199999	0
PSE3	0.0148	0.054975	0.016625	0.02675	0.3861	0.0392	0.201875	0.2821	0.206625	0.0592	0.2892	0.038725	0.2742	0.01705	0.06995	0.038225	0.01685	0.075725	0.124775	0.3789	0.05565	0.159775	0.10235	0.42865	0.13465	0.132425	0	0.32655	0.0139	0.04545	0.08335	0.00865	0.165025	0.01245	0.16435	0.12085	0.03395	0.0046	0.036675	0.3957	0.205575	0.1729	0.08015	0.376625	0.019	0.036075	0.03775	0.558125	0.3441	0.293375	0.36995	0.274625	0.523075	0.315875	0.34645	0.328575	0.360175	0.241825	0.2794	0.214275	0.4993	0.507	0.622525	0.5504	0.01145
PSE4	0.080325	0.20095	0	0.041625	0.22265	0.3141	0.08745	0.150675	0.115825	0	0.222325	0.019575	0.23445	0	0.34525	0.122225	0.00275	0.168475	0.069875	0.2411	0.18505	0.03215	0	0.20175	0.1707	0.0043	0	0.2699	0	0	0.20715	0	0.1178	0	0.18485	0.032925	0	0	0	0.313475	0.1377	0.0853	0.010925	0.2398	0	0	0	0.56925	0.1329	0.2825	0.3605	0.276825	0.7014	0.041525	0.3767	0.21395	0.405875	0.16425	0.300475	0.323775	0.60165	0.538825	0.680025	0.617775	0
PSE5	0.112675	0	0	0.01945	0.1431	0.140725	0.0902	0.181525	0.126325	0	0.24075	0	0.2098	0.0641	0.123575	0.02815	0	0	0.06105	0.240725	0.2028	0.018975	0	0	0.2055	0.064075	0	0.28745	0	0.0144	0.155775	0	0.098975	0	0.124225	0.043675	0	0	0	0.271725	0.105875	0	0	0.168375	0	0.013525	0	0	0.2453	0.2306	0.09485	0.16335	0.429325	0.1968	0.222725	0.205875	0.268425	0.132375	0.207075	0	0	0.0167	0	0.461325	0
PSE6	0.13705	0	0	0.173025	0.25635	0.521525	0.211475	0.230875	0.14135	0	0.331725	0.032025	0.25705	0	0.391225	0.10025	0	0.0856	0.142475	0.3159	0.28455	0.188925	0	0	0.2988	0.0425	0	0.3513	0.014425	0	0.28765	0	0.123675	0	0.196875	0.04825	0	0	0	0.39655	0.1892	0	0	0.26405	0	0	0	0.32785	0.421475	0.3945	0.2481	0.3543	0.7033	0.13375	0.4394	0	0.43575	0.2842	0	0	0.049775	0	0.015525	0.10985	0
PSE7	0.170825003	0.309649996	0	0.051149997	0.312224998	0.328074998	0.182249999	0.260749999	0.12255	0.014125	0.246900001	0.1595	0.256700001	0	0.206425002	0.052474999	0.006225002	0.28415	0.061825004	0.399000004	0.284249999	0.127650001	0.033949997	0.0925	0.223750004	0.110024999	0.242899999	0.371749996	0	0.045324999	0.311724998	0	0.1558	0.0303	0.210874997	0.098075003	0.033199998	0.008775004	0.017824999	0.429775	0.207924999	0.192849999	0.054225002	0.276124998	0.023225004	0.033324999	0.026000001	0.686125002	0.390475001	0.152274999	0.063875	0.267750003	0.658450005	0.00995	0.439349999	0.330675001	0.441299998	0.121650001	0.425275002	0.004950002	0.618424999	0.771250003	0.286775006	0.684275002	0.0104
PSE8	0.1628	0.092925	0	0.063575	0.29405	0.42305	0.2003	0.273875	0.148975	0.004	0.338625	0.13595	0.3265	0.0388	0.400875	0.2865	0	0.2734	0.40395	0.333825	0.337675	0.13715	0.11235	1.75e-4	0.33005	0.04435	0	0.315475	0	0.01305	0.27115	0.0253	0.10845	0	0.2295	0.0583	0	0	0	0.423425	0.1954	0.1561	0.032225	0.28995	0	0	0	0.061925	0.064675	0	0	0.329475	0.73295	0	0.45605	0.331975	0.49815	0.162825	0	0	0	0.0098	0	0	0
PSE9	0.185325	0.072175	0	0.0923	0.310675	0.47545	0.173125	0.2424	0.164475	0.013075	0.2764	0.14855	0.2597	0	0.464625	0.192225	0	0.083575	0.142225	0.39325	0.310975	0.137225	0.030975	0	0.2888	0.11085	0.320775	0.3448	2.5e-4	0.0556	0.36505	0	0.14195	0.011075	0.25075	0.149025	0	0.0137	0.0096	0.42645	0.23465	0.03225	0.05135	0.326775	0.007375	0.01395	0.01215	0	0.31415	0.4448	0	0.21295	0.714425	0	0.1807	0.00725	0.52985	0.184025	0	0.013325	0.0169	0.030175	0.031525	0.068	0
RAL1	0.16655	0.195875	0	0	0.26605	0.081425	0.19475	0.15605	0.142325	0.0143	0.2918	0.1171	0.238875	0.19695	0.234025	0	0	0.2444	0.4194	0.296775	0.295275	0.1729	0.29105	0.423725	0.31485	0.1362	0	0.3074	0	0.026375	0.1232	0.044825	0.19285	0	0.242825	0.07295	0	0	0.026275	0.393825	0.175875	0	0.032025	0.30975	0	0.01895	0	0	0.43195	0.4804	0.441775	0.21335	0.690225	0.35035	0.53495	0.314725	0.46425	0.334375	0.442975	0	0	0.007	0.022475	0.69145	0
RAL2	0	0.01795	0	0.054425	0.073125	0	0.08275	0.0498	0.11905	0.02	0.1395	0	0.007025	0	0.06035	0.014	0	0.0676	0.083975	0.071025	0.054725	0.0373	0.0413	0.1042	0	0.034475	0.005775	0.42775	0.010975	0.025975	0.0472	0.081625	0.0729	0.00675	0.029075	0.0449	0.006525	0.00165	0.045375	0.537375	0.162075	0.132075	0	0.41195	0.0242	0.0445	0.014475	0.0112	0.15825	0	0.053975	0.074775	0.101875	0.0265	0.113975	0.057875	0.371	0.054675	0	0.029025	0.1295	0.0372	0.0355	0.004725	0.015575
RAL3	0.173700001	0.225700001	0.02465	0.080150002	0.3545	0.238249997	0.369049997	0.063975	0.427874998	0.138650001	0.572825004	0.075675	0.242775003	0.018575	0.459725	0.070125	0.064775005	0.159825002	0.476825001	0.4058	0.542225	0.353850006	0.362324997	0.254900004	0.255949999	0.326250004	0.364100001	0.530225003	0.057024999	0.172175004	0.347325004	0.259474999	0.474249998	0.215850001	0.494824999	0.335149995	0.097500001	0.063024998	0.239425001	0.612425002	0.4845	0.195575003	0.090874999	0.30835	0.10655	0.115149996	0.091150002	0.092874997	0.103425	0.177025	0.134824998	0.238575002	0.243125001	0.127724999	0.83805	0.072125001	0.122450003	0.192249999	0.069174997	0.069550001	0.228924999	0.465525	0.269774997	0.366599997	0.049550001
RAL4	0.035575	0.0256	0	0.056875	0.01915	0.018825	0.16415	0.079425	0	0.0545	0.156025	0.00575	0.19505	0	0.002725	0.044475	0	0.00105	0.08835	0.02395	0.0188	0	2.75e-4	0.07205	0	0.055825	0.017375	0.372125	0	0.0567	0.04445	0.111325	0.10265	0	0.17195	0.09485	0.0195	0.016575	0.063175	0.5722	0.1425	0.125125	0	0.118725	0.018875	0.049575	0	0.04065	0.254275	0.0021	0.204275	0.3262	0.124125	0.05245	0.0887	0.118575	0.540791667	0.01595	0.03465	0.0193	0.063975	0.07185	0.04895	0.055125	0
RAL5	0.235525001	0.187574999	0.146625004	0	0.212675001	0.213150002	0.165924993	0.222350001	0.19347499	0.126625001	0.397075009	0.158599999	0.065575	0	0.250850007	0.090350004	0.118300002	0.258149997	0.2355	0.193375006	0.198950006	0.169999998	0.207925003	0.292774993	0.18245	0.108974999	0.152175002	0.14030001	0.209849998	0.143824996	0.193524995	0.106600002	0.222349994	0.089500002	0.206050002	0.134899999	0.022925001	0.122224997	0.109875002	0.157224998	0.185399994	0.152050003	0.120724997	0.23085	0	0.249325	0.106774999	0.296575006	0.202125001	0.40065	0.198724996	0.236049996	0.371899994	0.217099995	0.260641678	0.217299998	0.273849994	0.192925006	0.007224999	0.1162	0.29425	0.227941666	0.258349996	0.099699998	0.126558339
RAO1	0	0.040224996	0.012875002	0.023049998	0.408924999	0.031824999	0.186549998	0.303824999	0.106875001	0.090700003	0.319450003	0.065199997	0.297800001	0	0	0.005300003	0.002649999	0.111374998	0.083550003	0.321775	0.0619	0.161949998	0.096975	0.067625	0	0.139875001	0	0.268050001	0	0.062474999	0.024174999	0.015899998	0.172850002	0.034550002	0.1795	0.119324997	0.014974997	0	0.015699999	0.470625004	0.200000001	0.002499995	0.015824998	0.078949999	0.01335	0.042574999	0.028025001	0.585999996	0.314674999	0.290625002	0.3363	0.30675	0.458875	0.313150004	0.356550003	0.327374999	0.380524996	0.289150003	0.249925004	0.252324998	0.569950001	0.509475001	0.590624998	0.602050002	0.030125002
RHO1	0.028025	0.120875	0.05655	0.108525	0.15795	0.085675	0.29985	0.12445	0.049775	0.15375	0.247525	0.117975	0.389525	0.0014	0.06785	0.1315	0.072875	0.0943	0.053025	0.09085	0.12435	0	0.119075	0.141825	0.1084	0.159125	0.07825	0.080675	0.027075	0.122125	0.092075	0.012375	0.192675	0.060475	0.270825	0.0793	0.110425	0.07275	0.13255	0.068958333	0.283575	0.18625	0.01035	0.10295	0.090775	0.11445	0.078575	0.09985	0.2098	0.0758	0.208975	0.2979	0.2137	0.1248	0.155325	0.118375	0.39145	0.080125	0.10185	0.0889	0.12045	0.194475	0.132025	0.17145	0.079375
SIN1	0.108174996	0.134274998	0.014525002	0.035900001	0.414249999	0.113999999	0.2507	0.223874999	0.269250002	0.100074998	0.436141669	0.169749999	0.367250002	0	0.067825	0.114449997	0.012025	0.054724999	0.285350003	0.288724999	0.477899998	0.226849998	0.015074998	0.139725001	0.004425001	0.243450001	0.243525003	0.35845	0	0.079574997	0.028624998	0.085824997	0.271749999	0.001150004	0.277849999	0.151874997	0.0359	0.003850001	0.033399999	0.613283335	0.258274998	0.220599996	0.049999999	0.453599997	0.023899997	0.08785	0.018125001	0.648049996	0.386900001	0.441025003	0.486725001	0.389625	0.540500001	0.257475003	0.500249999	0.390099999	0.548949999	0.332499997	0.417074999	0.286199998	0.610750001	0.534650002	0.584974997	0.657724999	0.068224996
SPH1	0	0.031	0	0	0.0908	0.028975	0.05725	0	0.106	0.0451	0.304875	0	0.179825	0	0.016875	0	0	0	0.002425	0.021175	0.040066667	0	0.006025	0.01665	0	0	0	0.29295	0	0.045975	0	0.019725	0.0667	0	0.241325	0	0	0	0.01085	0.456825	0.188525	0.108625	0	0.2168	0	0	0	0.542275	0.205275	0.009375	0.316825	0.061475	0.625975	0.12295	0.2697	0.14895	0.3423	0.13775	0.00885	0.0189	0.632175	0.230925	0.69235	0.653625	0
SPH2	0	0	0	0.022550003	0	0	0	0	0.054424994	0.049074999	0	0.016225001	0.063525	0.015749999	0	0.004274998	0	0	0.005525001	0	0	0	0.037825	0.006075003	0	0.081750002	0	0.004900001	0	0.006900003	0.035974999	0.011824995	0	0.039024998	0	0.027749999	0.042025001	0.056974999	0.021799998	0.067149996	0.01225	0.015349997	0	0.009525002	0.035550002	0.005000003	0	0.036375003	0.028775	0.072924998	0	0	0	0	0	0	0	0.020774998	0.033424996	0.045824997	0	0	0	0	0.076825
SPH3	0.1511	0	0	0	0.3339	0.32415	0.1477	0.276625	0.13425	0.002	0.286075	0.12155	0.320525	0	0.3706	0.114475	0	0	0.051375	0.400025	0.306525	0.117075	0	0	0.251225	0.0626	0.215375	0.346825	0	0.0434	0.334725	0	0.12025	0	0.2253	0.0722	0	0	0	0.456	0.219875	0.001	0.013975	0.302725	0	0.012375	0	0.664475	0.379275	0.4678	0	0.214525	0.7758	0.289375	0.38535	0	0.471475	0.2511	0.03105	0.0152	0.743675	0.589725	0.81165	0.752175	0
SPH4	0	0.152924999	0	0	0.014549999	0.084375001	0.176224998	0	0.171049999	0	0.286300004	0.005999997	0.417616667	0	0.039549996	0.029849998	0	0.085849999	0	0.103875	0	0.079525	0.015099998	0	0.071149997	0.101999998	0	0.279124997	0	0.0282	0.32875	0.006725002	0.127450002	0.027424998	0.213050002	0	0	0	0.015500001	0	0.168749999	0.005725	0.04815	0.252375002	0	0	0	0.657050002	0.336674999	0	0.412374999	0.149699996	0.6315	0.320050003	0.10005	0	0.449525002	0.325974999	0.076	0.1384	0.661725001	0.427274998	0.730050002	0.696925	0
STA1	0	0	0	0	0	0	0.018625	0	0	0	0.031725	0	0	0	0.0429	0	0	0	0.051475	5.25e-4	0	0	0	0.0147	0	0	0	0.343283333	0	0.0021	0	0.054725	0.058275	0	0.2639	0	0	0	0.017625	0.478441667	0.089175	0.112	0.001575	0.00315	0.0262	0.0078	0	0	0.0226	7.5e-5	0	0.061925	0.03325	0.005375	0.049975	0	0.36135	0	0	0.01565	0.314358333	0.0037	0	0.1177	0
STE1	0.006925	0.038275000000000003	0	0	0.12115	0.020225	0.160825	0.026325	0.11295	0.05605	0.2561	0.011975	0.135	0.00745	0.008725	0.017825	8.5e-4	0.03005	0.026325	0.162525	0.061725	0.112575	0.077825	0.04035	0	0.088775	0.0038	0.224525	0	0.050775	0.00595	0.0419	0.16525	0	0.199225	0.021525	0.01365	0.01455	0.023025	0.46015	0.181775	0.0697	0	0.1342	0	0.020975	0	0.630575	0.069	0.02985	0.371975	0.1784	0.58115000000000006	0.1311	0.081325	0.06425	0.486675	0.10780000000000001	0.01355	0.01875	0.19945	0.060325	0.045575	0.291	0.00805
STE2	0	0.105025	0	0	0.084174999	0.018874999	0.04365	0	0.1341	0.050975	0.040224999	0	0.077199998	0	0.035400001	0.020525001	0	0.038700001	0	0.095083332	0.010525002	0	0	0	0	0.124575001	0	0.150000001	0	0.035799999	0.064850001	0.020324998	0.043649998	0.027224999	0.078050001	0.030600002	0	0	0.011175002	0	0.170474996	0	0	0.179724999	0	0.004400001	0	0.104924999	0.11615	0	0.0411	0.149425	0.0275	0.084749999	0.065825002	0	0.160249999	0.077049999	0.02445	0.085575	0.146175	0.027874999	0.0373	0.076299998	0
STE3	0.239600001	0.398674998	0.048075	0.0657	0.382899998	0.360908333	0.2348	0.33465	0.197025	0.08635	0.382825003	0.220000001	0.377774997	0	0.241425002	0.215050001	0.034300001	0.33935	0.139999996	0.458350002	0.384625	0.162074999	0.088475	0.109175	0.250724996	0.173025	0.058850002	0.37685	0.042599999	0.0887	0.361024999	0.014600001	0.264075003	0.034475	0.240950002	0.169625	0.059250001	0.052900001	0.081974999	0.510549998	0.269149999	0.230825	0.07875	0.403925	0.0257	0.06835	0.041675001	0.394475001	0.431100001	0.080974999	0.05335	0.253074998	0.710549997	0.059899999	0.246124998	0.414425001	0.53605	0.189000001	0.497649999	0.270099999	0.132	0.108149999	0.087449999	0.108625001	0.074900001
VAR1	0	0	0	0	0.002950001	0	0	0	0	0.455524997	0.553274997	0	0.03525	0	0	0	0	0.087049995	0	0	0	0	0	0	0.497824997	0	0	0.270275001	0.178875007	0.057475001	0.156625003	0	0.004874997	0.079525001	0.013833328	0	0	0.056924995	0.039924996	0.249150006	0.006225001	0.465850006	0	0.042175002	0	0.074200003	0.233700007	0.295249994	0.175374996	0.46652501	0.256149999	0.156349998	0.458600026	0.075849998	0.381124996	0.127050005	0.126224998	0.258808323	0	0.093225001	0.278791673	0.505549986	0.167700008	0.246949993	0.267999995
aci1	0.191525	0.033575	0.016625	0.0958	0.35145	0.53355	0.3119	0.32795	0.2655	0.099525	0.45365	0.084775	0.434425	0.0768	0.485775	0.335825	0.008825	0.2852	0.699	0.42225	0.445225	0.134325	0.032825	0.5007	0.327175	0.15415	0.303375	0.399525	0.035225	0.085975	0.362925	0.01895	0.22025	0.007925	0.350375	0.14315	0.034125	0.0129	0.07115	0.51975	0.3191	0.239475	0.05075	0.40195	0.0305	0.0337	0.023125	0.019775	0.03035	0.029475	0.0035	0.309125	0.789375	0.355075	0.4433	0.399275	0.578775	0.037925	0.020775	0.03205	0.029225	0.0928	0.05595	0.0355	0.0061
aci2	0.055475	0.015600001	0.008324998	0.028799998	0.032175001	0.099874998	0.134600002	0.016925001	0.166074998	0.048525	0.315699996	0.022550001	0.1052	0	0.051674997	0.0126	0.002675001	0	0.194424999	0.380125001	0.195450001	0.075700003	0.051	0.038775001	0.028675	0.1603	0.18375	0.314850001	0.0027	0.068725	0.2044	0	0.227475002	0.030499999	0.263824998	0.0239	0.041974998	0.034175	0	0.0188	0.250750004	0.034375	1.99999e-4	0.185424998	0.036475	0.043825	0.013449999	0.041600003	0.029575001	0.030825002	0.032374999	0.092374999	0.015400003	0.038325	0.183375	0.054924999	0.0528	0.051675001	0.031950001	0.029574999	0.038225002	0.05135	0.054325001	0.041424999	0
par1	0.145075	0.25935	0.19635	0.080025	0.404275	0.100125	0.0698	0.11835	0.282575	0.105675	0.21635	0.063675	0.19895	0.08085	0.129525	0.137025	0.040475	0.16565	0.039625	0.2056	0.090725	0.159275	0.102925	0.087375	0.0928	0.193125	0.0583	0.3474	0.019425	0.1104	0.210025	0.1185	0.29265	0.088025	0.317875	0.081375	0.071475	0.044475	0.11025	0.547841667	0.314575	0.109675	0.06825	0.296875	0.066075	0.087025	0.057475	0.192975	0.2816	0.117325	0.21065	0.3096	0.45925	0.20915	0.19725	0.08495	0.3859	0.2197	0.19875	0.196225	0.2424	0.143525	0.0873	0.263425	0.0573
