ne_id	ba_id	ne_volume_um3	ne_volume_um3_OP50	ne_dryweight_ug	ne_preference	ne_clearance	lfc_spx_over_op50	lfc_spx_over_op50_cl95	spx_over_total	spx_over_total_cl95	mn_spx	cl95_spx	mn_op50	cl95_op50	nreps
C.elegans	ACH1	3435236.042	3522554.673	3.6495	0.4625	0.331666667	-0.1818976431083883	0.5671812354001997	0.4685212298682284	0.09789545094789255	40	12.065624999999997	45.375	11.440624999999997	8
C.elegans	ACH2	1900306.014	3522554.673	2.0195	0.38375	0.511666667	-0.6672365037506988	0.48456475425199913	0.38639455782312926	0.07963380851481695	35.5	8.439062499999999	56.375	13.376562499999999	8
C.elegans	ACI1	3117083.883	3522554.673	3.312	0.58625	0.53	0.5413012719250165	0.3724507909483287	0.5927152317880795	0.06232160342545676	22.375	4.626562499999999	15.375	2.3765624999999986	8
C.elegans	ACI10	2031598.187	3522554.673	2.159	0.5675	0.288333333	0.4639470997597903	0.31325948977370366	0.5797101449275363	0.05290412124753959	30	5.940624999999997	21.75	1.9375	8
C.elegans	ACI11	2388062.469	3522554.673	2.538	0.5225	0.465	0.16664986940945128	0.4848862963273924	0.5288461538461539	0.083744725311673	41.25	10.440624999999997	36.75	8.126562499999999	8
C.elegans	ACI2	3550826.64	3522554.673	3.773	0.62625	0.35	0.7240994184082519	0.7156587350108268	0.6229074889867842	0.11652064962789808	88.375	29.956249999999983	53.5	19.3765625	8
C.elegans	ACI3	2601470.423	3522554.673	2.764	0.44	0.571666667	-0.3514723705013777	0.4836650256785639	0.4393939393939394	0.08258135340980767	54.375	12.001562499999999	69.375	17.506249999999994	8
C.elegans	ACI4	1568326.174	3522554.673	1.666842105	0.4775	0.518333333	-0.11467860403619454	0.2594865540811575	0.48013816925734026	0.044894639013616226	34.75	5.314062499999999	37.625	3.5625	8
C.elegans	ACI5	3292088.098	3522554.673	3.498	0.585	0.388333333	0.5305147166987798	0.790457330147966	0.5909090909090909	0.13244769124001143	71.5	27.131249999999994	49.5	19.5640625	8
C.elegans	ACI6	2771814.646	3522554.673	2.944	0.6525	0.273333333	0.9453229073796857	0.5759622715376993	0.6581920903954802	0.08981611468655157	29.125	7.753124999999997	15.125	4.5	8
C.elegans	ACI7	4797484.734	3522554.673	5.097	0.67	0.311666667	1.0228838906733384	0.42041776516493023	0.6701821668264621	0.06441299927905933	87.375	13.067187499999996	43	10.754687499999996	8
C.elegans	ACI8	3474089.696	3522554.673	3.6905	0.63375	0.346666667	0.7443994459370434	0.4030003535542986	0.6262068965517241	0.06538528465577455	56.75	7.75	33.875	8.254687499999996	8
C.elegans	ACI9	416034.379	3522554.673	0.442	0.705	0.383333333	1.4184233141182259	0.44326517137661603	0.7277379733879222	0.06087671088350318	88.875	24.26249999999999	33.25	4.6875	8
C.elegans	ADV1	2107929.109	3522554.673	2.2405	0.33625	0.24	-0.9678195942508503	0.4048446770178246	0.3383084577114428	0.06281774370930929	25.5	6	49.875	7.626562499999999	8
C.elegans	ART1	255889.603	3522554.673	0.2715	0.29625	-0.03	-1.1261087691498228	0.5389998006890653	0.31419939577039274	0.08050396568805791	13	4.3125	28.375	4.876562499999999	8
C.elegans	ART2	190872.9285	3522554.673	0.2015	0.37375	0.061666667	-0.6745997132058326	0.5801526062498357	0.3851851851851852	0.09523171547623317	13	4.0625	20.75	5.251562499999999	8
C.elegans	ART3	1210730.698	3522554.673	1.286	0.365	0.368333333	-0.8427602581888028	0.7349837555029128	0.35797665369649806	0.1170870128765344	57.5	23.25937499999999	103.125	31.9375	8
C.elegans	ART4	3843038.329	3522554.673	4.0845	0.7375	0.29	1.4834437408911398	0.5012379943329207	0.7365754812563323	0.0674128825882913	90.875	19.945312499999993	32.5	8.753124999999997	8
C.elegans	ART5	430851.7842	3522554.673	0.456315789	0.31125	0.095	-1.2121149421406208	0.3194832444492536	0.301498127340824	0.04663647757650312	20.125	2.75	46.625	8.125	8
C.elegans	ART6	215917.0145	3522554.673	0.2305	0.4025	0.316666667	-0.5849625007211563	0.4656837326438386	0.4	0.07746896791552993	28.25	6.4375	42.375	9.6875	8
C.elegans	ART7	441006.593	3522554.673	0.4685	0.36125	0.275	-0.7762250246134331	0.45002726638305135	0.3686440677966102	0.07260153514522613	54.375	14.320312499999993	93.125	15.567187499999996	8
C.elegans	ART8	227464.6	3522554.673	0.2415	0.3825	0.08	-0.6844981742720706	0.5628612573722394	0.3835616438356164	0.09224687069401982	10.5	2.8765624999999986	16.875	4.6875	8
C.elegans	ART9	246504.5795	3522554.673	0.2615	0.4125	0.16	-0.5323478745577344	0.2921116109177952	0.40878378378378377	0.048934401128352685	30.25	4.251562499999999	43.75	6.376562499999999	8
C.elegans	BAC1	2140983.513	3522554.673	2.2745	0.51125	0.273333333	-0.04580368961312479	0.5564219360103013	0.49206349206349204	0.09639628061931686	23.25	3.6875	24	8.4375	8
C.elegans	BAC2	204252.0155	3522554.673	0.2165	0.63125	0.205	0.9548005805699036	1.099136239932531	0.6596685082872928	0.17104283159231587	74.625	38.26874999999998	38.5	21.692187499999996	8
C.elegans	BAC3	2300197.505	3522554.673	2.4445	0.48875	0.363333333	-0.07381123896159826	0.3836518090367784	0.48721227621483376	0.06643830646329685	47.625	9.001562499999999	50.125	9.376562499999999	8
C.elegans	BAC4	31958.2555	3522554.673	0.033	0.55875	0.121666667	0.14611175950631078	0.8682926687371805	0.5252976190476191	0.15007848519408476	88.25	30.754687499999996	79.75	39.13281249999999	8
C.elegans	BAC5	2621929.627	3522554.673	2.7855	0.34125	-0.135	-0.963971690815786	0.4252931911236689	0.33890577507598785	0.06604747567635381	27.875	6.064062499999999	54.375	10.817187499999996	8
C.elegans	BAC6	2893472.789	3522554.673	3.0745	0.60125	0.081666667	0.5514099410101295	0.4516137446242089	0.5944055944055944	0.07546880206253415	42.5	7.625	29	7.439062499999999	8
C.elegans	BAC7	2451151.862	3522554.673	2.605	0.42125	0.248333333	-0.45206823022381076	0.31347513701678476	0.4222972972972973	0.053009201608723605	31.25	4.9375	42.75	6.376562499999999	8
C.elegans	BAC8	1907183.309	3522554.673	2.0275	0.28125	0.188333333	-1.3241982685121894	0.38790112048668585	0.2853932584269663	0.05483493261610471	15.875	3.565624999999997	39.75	5.875	8
C.elegans	BOR1	3299078.511	3522554.673	3.506	0.33375	0.345	-0.95166398685437	0.4176073317511232	0.34081976417742843	0.06503131333931393	75.875	17.9390625	146.75	24.507812499999993	8
C.elegans	BRE1	181455.9725	3522554.673	0.1925	0.115	0.053333333	-2.945101753851102	0.2504522771263674	0.11492537313432835	0.017658192983963494	19.25	3.0015624999999986	148.25	11.314062500000006	8
C.elegans	BRE2	231079.4275	3522554.673	0.245	0.66125	0.036666667	0.8554492102586492	0.6635807322061481	0.6440422322775264	0.10544647096578869	53.375	11.003124999999997	29.5	12.129687499999996	8
C.elegans	BUR1	137342.381	3522554.673	0.146	0.37	0.045	-0.7520724865564145	0.5096584298040744	0.37254901960784315	0.08257867306025382	26.125	7.064062499999999	44	10.003124999999997	8
C.elegans	CHR1	485812.3135	3522554.673	0.516	0.49625	0.121666667	0.021437170662291755	0.3338737076313756	0.5037147102526003	0.05785271134570293	42.375	8.189062499999999	41.75	5.315624999999997	8
C.elegans	CHR2	525389.349	3522554.673	0.5595	0.75125	0.09	1.7882266096835486	0.8942417745754647	0.7754777070063694	0.10792180530232917	60.875	22.003124999999997	17.625	8.875	8
C.elegans	CHR3	733378.983	3522554.673	0.7785	0.815	0.15	2.170862120696366	0.32815998867924984	0.8182784272051009	0.03382351029076232	96.25	15.759374999999991	21.375	3.375	8
C.elegans	CHR4	922424.5535	3522554.673	0.979	0.685	-0.058333333	1.0917425686275757	0.6952328623427468	0.6806451612903226	0.10474903132317205	52.75	15.878124999999997	24.75	9.314062499999999	8
C.elegans	CHR5	398812.477	3522554.673	0.424	0.46875	0.056666667	-0.17730453180790992	0.29043830539965476	0.4693140794223827	0.05013955834104164	32.5	4.25	36.75	5.625	8
C.elegans	CHR6	381435.0815	3522554.673	0.4055	0.48625	0.065	-0.0850677145228957	0.2571774141921371	0.48526315789473684	0.04452673596784178	115.25	13.75	122.25	16.192187500000003	8
C.elegans	CUP1	2686023.024	3522554.673	2.854	0.43	0.321666667	-0.4411897871348123	0.378709135652626	0.4241379310344828	0.06411458413041635	92.25	14.881249999999994	125.25	25.9375	8
C.elegans	CUP2	735660.4415	3522554.673	0.781	0.42375	0.121666667	-0.4186041142990362	0.44552224310600447	0.4279661016949153	0.07560072996192013	25.25	6.375	33.75	6.001562499999999	8
C.elegans	CUP3	2565727.811	3522554.673	2.726	0.40375	0.473333333	-0.5578786215185322	0.30367752939665443	0.4045138888888889	0.050704113356507735	29.125	4.501562499999999	42.875	6.126562499999999	8
C.elegans	CUR1	175887.538	3522554.673	0.187	0.50125	0.103333333	-0.08845622767042463	0.49383343948092934	0.48467650397275824	0.08549443893295891	53.375	10.692187499999996	56.75	15.751562499999999	8
C.elegans	DEL1	2805278.651	3522554.673	2.9805	0.4675	0.185	-0.2048197918884981	0.3687106928113894	0.4645669291338583	0.06357182453866009	29.5	5.0625	34	6.439062499999999	8
C.elegans	DEL2	2271522.716	3522554.673	2.413	0.2225	0.156666667	-1.7173022665749842	1.0949205236756276	0.23319755600814665	0.13571115306064863	28.625	17.5015625	94.125	42.321875	8
C.elegans	DYE1	735925.196	3522554.673	0.7815	0.34875	0.173333333	-0.84890741150211	0.6690242014284201	0.35699797160243407	0.10644993015935847	22	7.814062499999999	39.625	11.814062499999999	8
C.elegans	EMP1	434953.394	3522554.673	0.4615	0.6225	0.19	0.8833550811477295	0.649491897113844	0.6484641638225256	0.10262538119709014	71.25	25.826562499999987	38.625	10.3125	8
C.elegans	EMP2	693382.1305	3522554.673	0.7365	0.51375	0.15	-0.05366013315960138	0.575416323989938	0.490702479338843	0.09967757266511693	59.375	14.942187499999996	61.625	19.068749999999994	8
C.elegans	ENS1	2723516.846	3522554.673	2.8945	0.62375	0.305	0.70999854656593675	0.41627912929739475	0.6206088992974239	0.06793838784283877	66.25	12.065624999999997	40.5	9.064062499999999	8
C.elegans	ENT1	1975254.979	3522554.673	2.0985	0.645	0.296666667	0.7760529502362968	0.46801088556263865	0.631328171530673	0.07550514355194744	132.5	12.570312499999993	77.375	24.003124999999997	8
C.elegans	ENT2	2038553.756	3522554.673	2.1655	0.59875	0.408333333	0.5586283529076936	0.3413818024969518	0.5956112852664577	0.05699382090164395	47.5	6.3125	32.25	6.314062499999999	8
C.elegans	ENT3	2742847.917	3522554.673	2.915	0.73375	0.321666667	1.2513390722014193	0.8291045928077633	0.7041965199590583	0.11971041476380112	86	19.8765625	36.125	19.007812499999993	8
C.elegans	ESC1	2415002.043	3522554.673	2.5675	0.57875	0.445	0.346922474354232	0.7169389228260863	0.5598290598290598	0.12245722835893741	32.75	10.8125	25.75	9.564062499999999	8
C.elegans	FAL1	89472.284	3522554.673	0.0955	0.20125	0.285	-2.0443941193584534	0.519666717696271	0.1951219512195122	0.05657005195320106	12	2.75	49.5	13.756249999999994	8
C.elegans	FIC1	2479882.877	3522554.673	2.636	0.63375	0.415	0.8680663360466481	0.4563354869613503	0.6460446247464503	0.0723303777917342	79.625	19.565624999999997	43.625	8.689062499999999	8
C.elegans	FLA1	815282.7525	3522554.673	0.865	0.49875	0.268333333	-0.08504532120597555	0.6391235108074591	0.4852670349907919	0.11065550574664086	65.875	16.192187499999996	69.875	25.753124999999997	8
C.elegans	FLA2	1058351.409	3522554.673	1.1245	0.45875	0.396666667	-0.23349013021977857	0.517131962424566	0.45962732919254656	0.08902788628643729	37	9.503124999999997	43.5	10.876562499999999	8
C.elegans	FLA3	683331.571	3522554.673	0.7255	0.6525	0.27	0.9134632495320048	0.748362626154048	0.6532066508313539	0.11750569332636268	68.75	24.128124999999997	36.5	13.942187499999996	8
C.elegans	FLA4	2086381.313	3522554.673	2.2175	0.58625	0.155	0.5132610353669674	0.25482514391161804	0.5880149812734082	0.042789533725516415	58.875	7.564062499999999	41.25	5	8
C.elegans	FLA5	2558186.167	3522554.673	2.718	0.4425	0.423333333	-0.3219280948873623	0.373401018718871	0.4444444444444444	0.06390663292424613	30	5.625	37.5	6.690624999999997	8
C.elegans	FLA6	2573697.432	3522554.673	2.7345	0.30375	0.326666667	-1.1733805600785314	0.4030144970677803	0.30718232044198895	0.05945129349018336	34.75	7.439062499999999	78.375	14.065624999999997	8
C.elegans	HER1	3672702.833	3522554.673	3.903	0.31125	-0.043333333	-1.0840642647884744	0.6286265923280185	0.32051282051282054	0.09489533923056429	25	9.0625	53	12.814062499999999	8
C.elegans	KLE1	2037650.084	3522554.673	2.165	0.715	0.578333333	1.1236313491683774	1.0636331280885267	0.6854304635761589	0.15896348719237058	103.5	34.134375	47.5	31.320312499999993	8
C.elegans	KLE2	2116406.305	3522554.673	2.2485	0.784285714	0.505	1.8813555035013811	1.0064620332328493	0.7865168539325843	0.11713710472150647	60	19.35892857142857	16.285714285714285	10.073214285714284	7
C.elegans	KLE3	1566842.967	3522554.673	1.665	0.71875	0.563333333	1.5290243291272987	0.5519223837905016	0.7426597582037997	0.07311408768820853	53.75	17.253124999999997	18.625	3.8765624999999986	8
C.elegans	KOS1	2934892.509	3522554.673	3.1185	0.39375	0.513333333	-0.628683878150474	0.5618507861207219	0.39274924471299094	0.09288164021090982	16.25	4.25	25.125	7.25	8
C.elegans	KOS2	2690314.013	3522554.673	2.8575	0.8275	0.381666667	2.443755008207803	0.7238249808028483	0.8447339847991314	0.06580447106148513	97.25	36.256249999999994	17.875	6.001562499999999	8
C.elegans	LYS1	2484338.436	3522554.673	2.639	0.435	0.193333333	-0.35798280988905634	0.34480947535594636	0.43828264758497315	0.05884055621541513	30.625	5.626562499999999	39.25	6	8
C.elegans	LYS2	1947707.274	3522554.673	2.069	0.39875	0.235	-0.5589672921882116	0.4915746958830354	0.4043321299638989	0.08206489326982165	28	7.814062499999999	41.25	8.064062499999999	8
C.elegans	MIC1	254754.869	3522554.673	0.27	0.3825	0.066666667	-0.7208459288029291	0.2659481795150202	0.3776223776223776	0.043324561360119813	47.25	5	77.875	11.754687499999996	8
C.elegans	MIC2	1966724.585	3522554.673	2.09	0.36125	0.225	-0.8250135885541109	0.3028130685046603	0.3608087091757387	0.04840697411386075	29	4.439062499999999	51.375	7.378124999999997	8
C.elegans	MIC2	1966724.585	3522554.673	2.09	0.36125	0.225	-0.8250135885541109	0.3028130685046603	0.3608087091757387	0.04840697411386075	29	4.439062499999999	51.375	7.378124999999997	8
C.elegans	MIC2	1966724.585	3522554.673	2.09	0.36125	0.225	-0.8250135885541109	0.3028130685046603	0.3608087091757387	0.04840697411386075	29	4.439062499999999	51.375	7.378124999999997	8
C.elegans	MIC2	1966724.585	3522554.673	2.09	0.36125	0.225	-0.8250135885541109	0.3028130685046603	0.3608087091757387	0.04840697411386075	29	4.439062499999999	51.375	7.378124999999997	8
C.elegans	MIC2	1966724.585	3522554.673	2.09	0.36125	0.225	-0.8250135885541109	0.3028130685046603	0.3608087091757387	0.04840697411386075	29	4.439062499999999	51.375	7.378124999999997	8
C.elegans	MIC2	1966724.585	3522554.673	2.09	0.36125	0.225	-0.8250135885541109	0.3028130685046603	0.3608087091757387	0.04840697411386075	29	4.439062499999999	51.375	7.378124999999997	8
C.elegans	MIC2	1966724.585	3522554.673	2.09	0.36125	0.225	-0.8250135885541109	0.3028130685046603	0.3608087091757387	0.04840697411386075	29	4.439062499999999	51.375	7.378124999999997	8
C.elegans	MIC2	1966724.585	3522554.673	2.09	0.36125	0.225	-0.8250135885541109	0.3028130685046603	0.3608087091757387	0.04840697411386075	29	4.439062499999999	51.375	7.378124999999997	8
C.elegans	MIC2	1966724.585	3522554.673	2.09	0.36125	0.225	-0.8250135885541109	0.3028130685046603	0.3608087091757387	0.04840697411386075	29	4.439062499999999	51.375	7.378124999999997	8
C.elegans	MIC3	426947.0365	3522554.673	0.453	0.1525	-0.223333333	-2.4639470997597903	0.4336058928529018	0.15343915343915343	0.039040467449622716	3.625	0.9375	20	3.0625	8
C.elegans	MIC4	261220.1385	3522554.673	0.278	0.325	0.156666667	-1.0976107966264224	0.3980161061231499	0.3184713375796178	0.059879833604016164	18.75	3.75	40.125	7.625	8
C.elegans	OCH1	2239813.794	3522554.673	2.3795	0.3925	0.31	-0.5603004464868871	0.4899577150382491	0.4041095890410959	0.08178047229445022	44.25	12.379687499999996	65.25	12.5625	8
C.elegans	OCH2	1384727.995	3522554.673	1.4715	0.21	0.265	-1.9242046494577958	0.40964606368952694	0.20853858784893267	0.04686519420385031	15.875	3.9390624999999986	60.25	8.317187499999996	8
C.elegans	PAE1	2497961.071	3522554.673	2.6535	0.43625	-0.495	-0.6441461495869536	0.7565300783321034	0.39019607843137255	0.12477419418381999	24.875	5.5625	38.875	18.4390625	8
C.elegans	PAE2	4219600.94	3522554.673	4.483	0.3775	-0.455	-0.7347096202258382	0.25327493270263596	0.375366568914956	0.04116219111812506	32	4	53.25	6.564062499999999	8
C.elegans	PAE3	2827735.173	3522554.673	3.0045	0.25625	-0.396666667	-1.5641289973039905	0.4404979743493773	0.25271739130434784	0.057661957505460375	23.25	4.876562499999999	68.75	15.254687499999996	8
C.elegans	PAE4	1144288.911	3522554.673	1.216	0.24	-0.405	-1.670633841628424	0.36458142697663687	0.23903177004538578	0.04596657596700658	19.75	3.5625	62.875	11.128124999999997	8
C.elegans	PAE5	3103988.824	3522554.673	3.2965	0.2625	-0.575	-1.594485274839663	0.3113890711415037	0.2487644151565074	0.040336037757837596	18.875	2.2515624999999986	57	10.253124999999997	8
C.elegans	PAE6	3735220.052	3522554.673	3.969	0.1375	-0.64	-2.952590639613575	0.5563463144053261	0.11439842209072978	0.03906871186154187	14.5	2.6875	112.25	37.95937499999998	8
C.elegans	PAR1	857674.089	3522554.673	0.9115	0.33	0.143333333	-1.0041161084722319	0.431816401714489	0.33269961977186313	0.06645050289879005	21.875	5.5	43.875	7.125	8
C.elegans	PAR2	2831885.132	3522554.673	3.009	0.38125	0.246666667	-0.6076825772212398	0.5208779774901795	0.39622641509433965	0.08637319623239331	31.5	10.001562499999999	48	8.25	8
C.elegans	PRO1	3745191.305	3522554.673	3.9795	0.665	-0.03	1.016775712750827	0.43610930886182936	0.6692456479690522	0.06691322176012318	43.25	9.503124999999997	21.375	4.4375	8
C.elegans	PRO2	4084673.062	3522554.673	4.339	0.64125	-0.04	0.9396273820205182	0.385299736487233	0.6573033707865169	0.06015889702943388	58.5	12.692187499999996	30.5	4.75	8
C.elegans	PSE1	NA	3522554.673	NA	0.405	0.538333333	-0.5293701747578388	0.2993774336330633	0.4092827004219409	0.05017040421843163	36.375	6.565624999999997	52.5	5.375	8
C.elegans	PSE10	22665.752	3522554.673	0.0245	0.2875	-0.02	-1.3365254711003203	0.36574391929583594	0.28365384615384615	0.05151268480977495	14.75	3.1875	37.25	4.9375	8
C.elegans	PSE11	3772723.058	3522554.673	4.008	0.5275	-0.046666667	0.04288581285317641	0.8151005377860638	0.5074309978768577	0.1412149616108844	29.875	10.189062499999999	29	13.0625	8
C.elegans	PSE12	2411064.156	3522554.673	2.563	0.3825	0.088333333	-0.862496476250065	0.5404206591676576	0.3548387096774194	0.08575445615822061	26.125	4.0625	47.5	16.1875	8
C.elegans	PSE13	2616481.738	3522554.673	2.78	0.7175	-0.36	1.34866447735949	0.6651861084404032	0.718052738336714	0.09334538595681767	44.25	15.125	17.375	5.376562499999999	8
C.elegans	PSE14	2163958.346	3522554.673	2.3005	0.4625	-0.311666667	-0.1975605683565124	0.3653307053366374	0.465818759936407	0.0630111264043084	36.625	7.503124999999997	42	6.251562499999999	8
C.elegans	PSE15	398538.883	3522554.673	0.423	0.2175	0.018333333	-1.8553906192958938	0.5467431927047737	0.2165206508135169	0.06428885978440509	21.625	6.001562499999999	78.25	20.193749999999994	8
C.elegans	PSE2	2064975.209	3522554.673	2.1945	0.41	-0.1	-0.5088418674030099	0.42422402640767753	0.4127272727272727	0.07127278400463863	28.375	6	40.375	8.25	8
C.elegans	PSE3	2269332.168	3522554.673	2.411	0.4675	0.471666667	-0.20727621790234388	0.38316401850750975	0.4641434262948207	0.06605579855278297	29.125	5.125	33.625	6.689062499999999	8
C.elegans	PSE4	1491836.677	3522554.673	1.5855	0.475	0.143333333	-0.05621600956654809	0.624796196652923	0.4902597402597403	0.10822784348798062	37.75	13.129687499999996	39.25	10.128124999999997	8
C.elegans	PSE5	3887033.529	3522554.673	4.1305	0.42125	0.228333333	-0.43133931160794425	0.6081665253949178	0.4258064516129032	0.10306673512464569	33	9.939062499999999	44.5	13.125	8
C.elegans	PSE6	3489504.276	3522554.673	3.709	0.37	-0.071666667	-0.773085019972858	0.44833023683808454	0.36915077989601386	0.07236904671487016	26.625	6.126562499999999	45.5	9.503124999999997	8
C.elegans	PSE7	3698968.764	3522554.673	3.9295	0.65875	-0.041666667	1.0121747139461021	0.3500107782816043	0.6685393258426966	0.05376081547743858	44.625	8.3125	22.125	3.4390624999999986	8
C.elegans	PSE8	3119511.9	3522554.673	3.315	0.56625	-0.168333333	0.5169857069051493	0.75806108396947125	0.5886402753872634	0.12723347987221792	42.75	18.942187499999996	29.875	8.4375	8
C.elegans	PSE9	3538158.802	3522554.673	3.7585	0.46375	0.25	-0.08637162643325351	0.4695343990498958	0.4850374064837905	0.08129124828928204	48.625	15.126562499999999	51.625	4.9375	8
C.elegans	RAL1	242586.439	3522554.673	0.2575	0.415	0.245	-0.48680475950124646	0.466317372100341	0.41643454038997213	0.07854949164604733	37.375	8.5625	52.375	11.942187499999996	8
C.elegans	RAL2	681407.0965	3522554.673	0.7245	0.39625	0.02	-0.6780719051126377	0.549743920681165	0.38461538461538464	0.09019016536097507	10	2.0625	16	5.126562499999999	8
C.elegans	RAL3	1129817.191	3522554.673	1.2	0.39125	0.166666667	-0.58079887577962	0.41619471093422433	0.4006928406466513	0.06927604194160068	43.375	11.125	64.875	8.567187499999996	8
C.elegans	RAL4	368972.063	3522554.673	0.3905	0.195	-0.006666667	-2.2136250168466076	0.7174159595892509	0.17735550277117973	0.0725526633320095	28	12.0625	129.875	32.2578125	8
C.elegans	RAL5	171086.0015	3522554.673	0.1805	0.5925	0.011666667	0.616984173771682	0.8104831259228863	0.6053149606299213	0.13421514067178567	76.875	33.128125	50.125	18.065624999999997	8
C.elegans	RAO1	1714667.98	3522554.673	1.8215	0.64375	-0.061666667	0.9164352833608689	0.5513154998013856	0.6536731634182908	0.08651122563646609	54.5	14.940624999999997	28.875	7.6875	8
C.elegans	RHO1	182479.6095	3522554.673	0.1945	0.2625	0.04	-1.6656361763088567	0.6157577501902838	0.23966244725738398	0.07777531489396364	35.5	9.376562499999999	112.625	37.759374999999984	8
C.elegans	SIN1	89593.426	3522554.673	0.0945	0.50875	0.111666667	0.003374726780656568	0.7547740683009441	0.5005847953216375	0.13079220043421508	53.5	18.375	53.375	21.0640625	8
C.elegans	SPH1	605907.8415	3522554.673	0.6445	0.46	0.365	-0.21938053080434258	0.3037996258264958	0.4620573355817875	0.05234130600452458	34.25	5.626562499999999	39.875	5.253124999999997	8
C.elegans	SPH2	580588.595	3522554.673	0.6165	0.385	0.478333333	-0.6984309927472167	0.30941853270479314	0.3812807881773399	0.05059531540919454	48.375	6.189062499999999	78.5	13.512499999999989	8
C.elegans	SPH3	508917.6255	3522554.673	0.5405	0.42	0.483333333	-0.48147964265357895	0.374718689347288	0.41733181299885974	0.06315876280936265	45.75	8.0625	63.875	12.1875	8
C.elegans	SPH4	2712976.169	3522554.673	2.882	0.38125	0.25	-0.7801100858667223	0.5553899529253276	0.36801752464403065	0.08953586127000356	42	10.003124999999997	72.125	21.8140625	8
C.elegans	STA1	552068.675	3522554.673	0.587	0.375	0.118333333	-0.7402974548639543	0.3717706422153894	0.37445887445887444	0.06036157281540107	21.625	3.8765624999999986	36.125	6.6875	8
C.elegans	STE1	1516465.188	3522554.673	1.611	0.54625	0.281666667	0.22714354292782207	0.5056665424801335	0.5392798690671031	0.087084543197212	82.375	19.257812499999993	70.375	18.378124999999997	8
C.elegans	STE2	1403635.512	3522554.673	1.491	0.52125	0.235	0.15200309344505006	0.8305433783561692	0.5263157894736842	0.14352352380506359	36.25	15.126562499999999	32.625	12.939062499999999	8
C.elegans	STE3	1640844.018	3522554.673	1.744	0.54625	0.301666667	0.3301486016923308	0.3805156185599089	0.5569620253164557	0.06508253891560478	38.5	8.378124999999997	30.625	4.564062499999999	8
C.elegans	VAR1	364200.5295	3522554.673	0.3865	0.485	0.24	-0.05062607306996795	0.35521137496692234	0.49122807017543857	0.06153449541571214	28	5.625	29	4.128124999999997	8
C.elegans	aci1	3743234.505	3522554.673	3.9775	0.3225	0.573333333	-1.069590272185073	0.3297083249949411	0.3227016885553471	0.04995012792758123	21.5	3.8140624999999986	45.125	6.501562499999999	8
C.elegans	aci2	3009080.521	3522554.673	3.197	0.37875	0.393333333	-0.7565610742414428	0.7916023914785745	0.3718220338983051	0.12815937471710953	43.875	18.065624999999997	74.125	26.882812499999993	8
C.elegans	par1	529504.088	3522554.673	0.562	0.205	0.146666667	-1.9254106835793166	0.36727931744147	0.2084006462035541	0.04199778887398745	16.125	3.375	61.25	8.876562499999999	8
D.veechi	ACH1	8635813.182	7682972.577	9.175	0.48625	0.15	-0.06978833015686248	0.32722063458086553	0.4879089615931721	0.056669856687087086	42.875	7.1875	45	6.875	8
D.veechi	ACH2	3827281.987	7682972.577	4.0665	0.375	0.281666667	-0.75018488319818	0.29880371104052683	0.37285491419656785	0.048430543518811535	29.875	4.25	50.25	7.564062499999999	8
D.veechi	ACI1	5340312.213	7682972.577	5.6745	0.45625	0.243333333	-0.1842912906125149	0.41081650798150304	0.4681081081081081	0.07089945248090913	54.125	13.564062499999999	61.5	8.315624999999997	8
D.veechi	ACI10	5781036.469	7682972.577	6.1415	0.45625	0.188333333	-0.2581189154196773	0.27620652176959115	0.45539033457249073	0.047481949668583164	30.625	4.001562499999999	36.625	5.125	8
D.veechi	ACI11	4896876.432	7682972.577	5.2035	0.4925	0.353333333	-0.03016197051025247	0.34437201115058935	0.49477351916376305	0.05966860178131976	35.5	6.439062499999999	36.25	5.625	8
D.veechi	ACI2	8627575.996	7682972.577	9.168	0.4525	0.361666667	-0.23683393372493372	0.47502746441652477	0.45905172413793105	0.08176388986860265	53.25	13.314062499999999	62.75	13.443749999999994	8
D.veechi	ACI3	6070276.194	7682972.577	6.449	0.49875	0.261666667	0.030257821092680673	0.38875774751528763	0.5052430886558628	0.067359176528923	66.25	13.875	64.875	11	8
D.veechi	ACI4	4538907.401	7682972.577	4.8225	0.41125	0.25	-0.5481257325407848	0.5143882911025931	0.4061433447098976	0.08599585213761292	29.75	7.253124999999997	43.5	11.317187499999996	8
D.veechi	ACI5	8339108.105	7682972.577	8.86	0.4975	0.31	-0.013939190957873729	0.3938016314024101	0.4975845410628019	0.06823903004283631	64.375	12.939062499999999	65	12.004687499999996	8
D.veechi	ACI6	5368383.024	7682972.577	5.704	0.42125	0.243333333	-0.44074875538166863	0.4063560515636982	0.4242125984251969	0.06879833266025775	53.875	11.881249999999994	73.125	12.8125	8
D.veechi	ACI7	4920648.889	7682972.577	5.2285	0.41	0.248333333	-0.5211979581920638	0.3174853643063089	0.4106529209621993	0.053259271582040156	29.875	4.501562499999999	42.875	6.876562499999999	8
D.veechi	ACI8	6425324.136	7682972.577	6.826	0.3425	0.216666667	-0.9235018625259565	0.35577112574373526	0.34521880064829824	0.05574254582154526	26.625	5.314062499999999	50.5	7.314062499999999	8
D.veechi	ACI9	714667.519	7682972.577	1.519	0.20125	0.211666667	-2.0104669990510686	0.42064874845125577	0.19884169884169883	0.04644841128940661	12.875	2.4375	51.875	11.503124999999997	8
D.veechi	ADV1	4782786.595	7682972.577	5.0815	0.41	0.118333333	-0.5444693167026063	0.3096271930051282	0.4067547723935389	0.05178827756545942	34.625	4.5	50.5	8.625	8
D.veechi	ART1	1030678.914	7682972.577	1.094	0.405	0.35	-0.5358148513920681	0.31099906243763414	0.408203125	0.05207551019018777	52.25	9.564062499999999	75.75	8.625	8
D.veechi	ART2	1101206.929	7682972.577	1.1705	0.46625	0.188333333	-0.1766823676176211	0.37671078768442656	0.46942148760330576	0.06503484975345544	35.5	6.690624999999997	40.125	7.251562499999999	8
D.veechi	ART3	3534949.527	7682972.577	3.7555	0.47125	0.165	-0.13794209953713638	0.38984529509915755	0.47611464968152867	0.06740087849142613	37.375	8.5	41.125	6.001562499999999	8
D.veechi	ART4	6975434.705	7682972.577	7.412	0.475	0.091666667	-0.1215619798809133	0.27660912006260785	0.4789473684210526	0.04784773026820702	45.5	6.5625	49.5	6.253124999999997	8
D.veechi	ART5	4577714.553	7682972.577	4.864	0.49	0.091666667	-0.018090456982895877	0.5008011229455601	0.49686520376175547	0.08677881038041559	39.625	10.751562499999999	40.125	8.6875	8
D.veechi	ART6	423455.359	7682972.577	0.4495	0.445	0.363333333	-0.28090082662730764	0.400378491613975	0.45147679324894513	0.06872688149390713	40.125	9.126562499999999	48.75	7.751562499999999	8
D.veechi	ART7	2176875.084	7682972.577	2.3125	0.39125	0.07	-0.6844112884856077	0.5022510187293839	0.38357588357588357	0.08231466267789199	46.125	10.376562499999999	74.125	19.693749999999994	8
D.veechi	ART8	943085.541	7682972.577	1.003	0.395	0.06	-0.6075569889695052	0.3933111165848469	0.39624724061810157	0.06522094125002464	44.875	9.753124999999997	68.375	11.253124999999997	8
D.veechi	ART9	2050628.704	7682972.577	2.1775	0.49125	0.058333333	-0.013337799537152573	0.3941946782420302	0.49768875192604006	0.06830727286896453	40.375	9	40.75	6.439062499999999	8
D.veechi	BAC1	471310.954	7682972.577	0.5005	0.4375	0.333333333	-0.38442951334844755	0.4118334834017043	0.4337748344370861	0.07011333649545526	32.75	6.753124999999997	42.75	8.439062499999999	8
D.veechi	BAC2	8926059.026	7682972.577	9.484	0.4525	0.363333333	-0.2823073361289242	0.293094960649711	0.45123537061118335	0.050306379026607485	43.375	6.190624999999997	52.75	7.626562499999999	8
D.veechi	BAC3	9492341.803	7682972.577	10.0865	0.39625	0.098333333	-0.5708084064112958	0.3889548200028907	0.40235690235690236	0.06483029276223405	29.875	6.815624999999997	44.375	6.375	8
D.veechi	BAC4	4623580.715	7682972.577	4.9115	0.425	0.545	-0.45371796744290366	0.38187666914864055	0.42201834862385323	0.0645645267653165	28.75	5.375	39.375	7.378124999999997	8
D.veechi	BAC5	7084307.54	7682972.577	7.5265	0.30375	-0.118333333	-1.168122758808327	0.35537598108378027	0.3079584775086505	0.052497406592589314	22.25	4.689062499999999	50	6.376562499999999	8
D.veechi	BAC6	9463504.059	7682972.577	10.0555	0.28375	0.23	-1.3361820785676042	0.36054177838769064	0.2837022132796781	0.050785226155884454	17.625	3.8140624999999986	44.5	5.5625	8
D.veechi	BAC7	6476042.478	7682972.577	6.881	0.38125	-0.238333333	-0.6003925412907622	0.5172756781032558	0.3974358974358974	0.08586533450472217	23.25	7.564062499999999	35.25	5.3125	8
D.veechi	BAC8	472527.8665	7682972.577	0.501	0.20625	0.248333333	-1.8767682340057292	0.44971074547051804	0.21401752190237797	0.05243495762281944	21.375	6.314062499999999	78.5	7.814062499999999	8
D.veechi	BOR1	4442242.631	7682972.577	4.7205	0.32	-0.046666667	-1.155517577621287	0.4641122730018169	0.30982367758186397	0.06878966189107769	30.75	6.189062499999999	68.5	17.190624999999997	8
D.veechi	BRE1	91685.18	7682972.577	0.24375	0.41	0.105	-0.5321825724231366	0.30744191975200913	0.4088114754098361	0.05150360372898218	49.875	7.878124999999997	72.125	10.317187499999996	8
D.veechi	BRE2	6236084.553	7682972.577	6.626	0.45375	-0.015	-0.25755927576764265	0.24785112460730988	0.4554865424430642	0.042608919638812595	55	7.690624999999997	65.75	6.5625	8
D.veechi	BUR1	162981.769	7682972.577	0.1725	0.21375	0.091666667	-1.9231312366157294	0.5218266284251524	0.20866141732283464	0.059725004601351064	13.25	4.125	50.25	9.253124999999997	8
D.veechi	CHR1	2035925.643	7682972.577	2.1635	0.415	0.145	-0.3843407020559274	0.6518571471798226	0.4337899543378995	0.11097750415407309	59.375	21.88593749999999	77.5	20.2515625	8
D.veechi	CHR2	783937.5395	7682972.577	0.8335	0.475	0.071666667	-0.22748489058760044	0.36728602099516044	0.4606613454960091	0.06325184229693624	50.5	6	59.125	13.3125	8
D.veechi	CHR3	953323.1855	7682972.577	1.013	0.38375	0.036666667	-0.7826243111579068	0.450081677578892	0.367612293144208	0.07252541783939377	38.875	7.126562499999999	66.875	16.881249999999994	8
D.veechi	CHR4	2784143.326	7682972.577	2.9575	0.43125	0.066666667	-0.16190682654638708	0.6833551443204526	0.47197309417040356	0.11804435497196696	52.625	22.879687499999996	58.875	11.067187499999996	8
D.veechi	CHR5	1384010.781	7682972.577	1.4715	0.445	0.046666667	-0.3467682232618153	0.39786781913064423	0.4401972872996301	0.06795894605666153	44.625	8.126562499999999	56.75	11.753124999999997	8
D.veechi	CHR6	482313.9075	7682972.577	0.5115	0.45875	0.401666667	-0.24511249783653147	0.5116788010513069	0.4576271186440678	0.08803038569723344	67.5	16.4390625	80	20.6265625	8
D.veechi	CUP1	6356357.295	7682972.577	6.7535	0.4275	0.385	-0.4307802358245908	0.36451698797573306	0.4259012016021362	0.061778696021573445	39.875	7.625	53.75	8.876562499999999	8
D.veechi	CUP2	4881221.946	7682972.577	5.186	0.47375	0.3	-0.15372777391451098	0.3062411958232456	0.4733861834654587	0.05291720537860534	52.25	6.9375	58.125	9.626562499999999	8
D.veechi	CUP3	5699205.741	7682972.577	6.056	0.3075	0.063333333	-1.1957870647542783	0.292043644001351	0.303886925795053	0.04282181058859882	21.5	3.125	49.25	6.939062499999999	8
D.veechi	CUR1	3943023.303	7682972.577	4.1885	0.44875	0.09	-0.2900375077404013	0.3517571967604517	0.44990892531876137	0.06034310592031131	30.875	5.75	37.75	5.940624999999997	8
D.veechi	DEL1	9188838.511	7682972.577	9.764	0.375	0.493333333	-0.7232906572691296	0.3348944957125589	0.37722419928825623	0.0545336723864465	26.5	5.375	43.75	4.939062499999999	8
D.veechi	DEL2	6204518.606	7682972.577	6.591	0.43375	0.343333333	-0.34875188296307236	0.31412697094947256	0.43985849056603776	0.05364650388782832	46.625	8.626562499999999	59.375	6.815624999999997	8
D.veechi	DYE1	5389528.006	7682972.577	5.725	0.2425	0.296666667	-1.6821913716220414	0.4024130503666582	0.2375776397515528	0.05052411393544552	19.125	4.4375	61.375	9.501562499999999	8
D.veechi	EMP1	2362885.471	7682972.577	2.5105	0.5075	0.11	0.07860983469636647	0.32418397890143796	0.5136186770428015	0.05613512666067469	49.5	9.001562499999999	46.875	6.1875	8
D.veechi	EMP2	4572429.593	7682972.577	4.858	0.485	0.24	-0.11395618929708563	0.3998706168208386	0.48026315789473684	0.06918432835916287	45.625	7.75	49.375	10.814062499999999	8
D.veechi	ENS1	7648696.897	7682972.577	8.1275	0.4825	0.335	-0.1154772174199359	0.2336411825609132	0.48	0.040422152647915204	40.5	3.6890624999999986	43.875	5.875	8
D.veechi	ENT1	7435626.409	7682972.577	7.9005	0.50625	0.236666667	-0.00525572545149527	0.345641703535481	0.4990892531876138	0.05989494434994569	34.25	4.003124999999997	34.375	7.189062499999999	8
D.veechi	ENT2	7339009.313	7682972.577	7.797	0.54625	0.275	0.28669091483082076	0.32960495021679304	0.5495169082125604	0.056556007255974206	56.875	10.629687499999996	46.625	6.126562499999999	8
D.veechi	ENT3	4328200.249	7682972.577	4.5985	0.47875	0.428333333	-0.1498954304830588	0.2988103711267918	0.4740484429065744	0.051640399994940966	34.25	4	38	6.5	8
D.veechi	ESC1	3198476.692	7682972.577	3.3995	0.5525	0.02	0.35973012759974676	0.3414865481767714	0.562015503875969	0.05826477792413564	54.375	10.189062499999999	42.375	6.128124999999997	8
D.veechi	FAL1	3593454.095	7682972.577	3.8185	0.4825	0.171666667	-0.09471865725313851	0.3084008895369748	0.4835924006908463	0.05338425364278077	35	5.253124999999997	37.375	5.689062499999999	8
D.veechi	FIC1	7518423.25	7682972.577	7.9885	0.50625	0.048333333	0.013389377227179174	0.3148186954637891	0.5023201856148491	0.054552748074988895	54.125	7.064062499999999	53.625	9.378124999999997	8
D.veechi	FLA1	3790054.88	7682972.577	4.0275	0.395	0.135	-0.6073998898409116	0.37793557047433146	0.39627329192546584	0.06267270236616065	39.875	7.8125	60.75	10.564062499999999	8
D.veechi	FLA2	4122240.48	7682972.577	4.38	0.3075	0.163333333	-1.1903984721820604	0.2798619998762033	0.30467762326169406	0.0410956788986971	30.125	4.8125	68.75	7.565624999999997	8
D.veechi	FLA3	2233808.08	7682972.577	2.374	0.35	0.118333333	-0.9212880239859592	0.2996899841708532	0.345565749235474	0.046977986779823164	28.25	3.2515624999999986	53.5	9.251562499999999	8
D.veechi	FLA4	4220101.601	7682972.577	4.484	0.42875	0.028333333	-0.44769702581936277	0.4012905922397818	0.42303664921465967	0.06789075840650464	50.5	10.189062499999999	68.875	13.1875	8
D.veechi	FLA5	7039273.269	7682972.577	7.479	0.33625	0.293333333	-0.9715843178359135	0.2234494758826156	0.3377245508982036	0.034642249881848136	35.25	4.5	69.125	6.0625	8
D.veechi	FLA6	7977970.631	7682972.577	8.4765	0.38	0.44	-0.6928623114261934	0.30306219796918027	0.3821917808219178	0.04960120812170878	34.875	6.315624999999997	56.375	6.001562499999999	8
D.veechi	HER1	10053167.59	7682972.577	10.6815	0.54	0.266666667	0.22029852395743182	0.20210160014422404	0.5381008206330598	0.034818179359178275	57.375	5.128124999999997	49.25	5.3125	8
D.veechi	KLE1	5730730.761	7682972.577	6.089	0.54375	0.263333333	0.25908722131713097	0.26245024947639134	0.5447761194029851	0.04511443776489539	63.875	9.251562499999999	53.375	5.875	8
D.veechi	KLE2	5436021.907	7682972.577	5.775	0.48625	0.21	0.01243710323822259	0.4445749049421032	0.5021551724137931	0.07703752916464658	29.125	8.251562499999999	28.875	3.5	8
D.veechi	KLE3	4846592.632	7682972.577	5.15	0.555	0.173333333	0.3248106034204836	0.23745233939103996	0.5560488346281909	0.0406303018610214	62.625	7.9375	50	5.25	8
D.veechi	KOS1	7210321.936	7682972.577	7.6615	0.57875	0.435	0.4585627869092082	0.242623464781186	0.5788005578800558	0.04099916291367308	51.875	6.064062499999999	37.75	4.564062499999999	8
D.veechi	KOS2	3304359.347	7682972.577	3.5105	0.50125	0.23	0.025995208532944354	0.36906419333350016	0.5045045045045045	0.06394876061753253	56	10.625	55	9.4375	8
D.veechi	LYS1	9747812.777	7682972.577	10.357	0.4125	0.158333333	-0.48456060376331866	0.33513831853720444	0.4168126094570928	0.05646749492429402	29.75	6.25	41.625	4.126562499999999	8
D.veechi	LYS2	9203035.491	7682972.577	9.779	0.4125	0.081666667	-0.5149392926238533	0.29798136067982617	0.4117032392894462	0.05002594497993333	49.25	7.251562499999999	70.375	10.193749999999994	8
D.veechi	MIC1	4368748.407	7682972.577	4.6425	0.43625	0.151666667	-0.3805610680570651	0.4272714468474084	0.4344335414808207	0.07276731095004067	60.875	13.007812499999993	79.25	16.2515625	8
D.veechi	MIC2	3629241.138	7682972.577	3.856	0.3375	0.196666667	-0.9453804154366776	0.3270846824773982	0.3417989417989418	0.051005259026993294	40.375	8.189062499999999	77.75	7.876562499999999	8
D.veechi	MIC2	3629241.138	7682972.577	3.856	0.3375	0.196666667	-0.9453804154366776	0.3270846824773982	0.3417989417989418	0.051005259026993294	40.375	8.189062499999999	77.75	7.876562499999999	8
D.veechi	MIC2	3629241.138	7682972.577	3.856	0.3375	0.196666667	-0.9453804154366776	0.3270846824773982	0.3417989417989418	0.051005259026993294	40.375	8.189062499999999	77.75	7.876562499999999	8
D.veechi	MIC2	3629241.138	7682972.577	3.856	0.3375	0.196666667	-0.9453804154366776	0.3270846824773982	0.3417989417989418	0.051005259026993294	40.375	8.189062499999999	77.75	7.876562499999999	8
D.veechi	MIC2	3629241.138	7682972.577	3.856	0.3375	0.196666667	-0.9453804154366776	0.3270846824773982	0.3417989417989418	0.051005259026993294	40.375	8.189062499999999	77.75	7.876562499999999	8
D.veechi	MIC2	3629241.138	7682972.577	3.856	0.3375	0.196666667	-0.9453804154366776	0.3270846824773982	0.3417989417989418	0.051005259026993294	40.375	8.189062499999999	77.75	7.876562499999999	8
D.veechi	MIC2	3629241.138	7682972.577	3.856	0.3375	0.196666667	-0.9453804154366776	0.3270846824773982	0.3417989417989418	0.051005259026993294	40.375	8.189062499999999	77.75	7.876562499999999	8
D.veechi	MIC2	3629241.138	7682972.577	3.856	0.3375	0.196666667	-0.9453804154366776	0.3270846824773982	0.3417989417989418	0.051005259026993294	40.375	8.189062499999999	77.75	7.876562499999999	8
D.veechi	MIC2	3629241.138	7682972.577	3.856	0.3375	0.196666667	-0.9453804154366776	0.3270846824773982	0.3417989417989418	0.051005259026993294	40.375	8.189062499999999	77.75	7.876562499999999	8
D.veechi	MIC3	5591433.925	7682972.577	5.941	0.38875	0.311666667	-0.6635191494839525	0.6315967778701375	0.3870056497175141	0.10385780597403872	51.375	17.6265625	81.375	22.128124999999997	8
D.veechi	MIC4	5308233.485	7682972.577	5.64	0.4375	0.176666667	-0.375324351865455	0.4248701034733389	0.43532560214094557	0.07239256093473999	61	12.4375	79.125	16.8140625	8
D.veechi	OCH1	4914494.465	7682972.577	5.2205	0.495	0.193333333	-0.058752587284089455	0.2535925886124427	0.48982035928143713	0.043926032046572625	51.125	4.5625	53.25	8.064062499999999	8
D.veechi	OCH2	1930799.841	7682972.577	2.0525	0.5425	0.54	0.22239242133644802	0.2751363024539302	0.5384615384615384	0.04739537276483115	48.125	5.375	41.25	6.376562499999999	8
D.veechi	PAE1	8159674.932	7682972.577	8.669	0.4475	0.115	-0.2742513915396076	0.37708574045030785	0.45261845386533667	0.06475718766742519	45.375	9.628124999999997	54.875	8.375	8
D.veechi	PAE2	6517413.852	7682972.577	6.925	0.635	0.193333333	0.8024973584083019	0.3802923645534439	0.6355841371918542	0.06105389701166861	74.125	11.628124999999997	42.5	9.003124999999997	8
D.veechi	PAE3	9122001.303	7682972.577	9.692	0.41125	-0.006666667	-0.5094458638669221	0.43518670271767673	0.4126258005489479	0.0731092492087893	56.375	12.5625	80.25	16.315624999999997	8
D.veechi	PAE4	1688610.225	7682972.577	1.7945	0.49375	0.131666667	-0.050521775579166185	0.2785999819345898	0.49124613800205974	0.04826289989622586	59.625	6.875	61.75	9.565624999999997	8
D.veechi	PAE5	6538968.618	7682972.577	6.9485	0.40625	0.118333333	-0.5503060186454704	0.26874574941477997	0.4057788944723618	0.04491636399712819	40.375	5.875	59.125	6.876562499999999	8
D.veechi	PAE6	6872711.223	7682972.577	7.3025	0.5175	0.268333333	0.053373350875796526	0.32443810151763436	0.5092478421701603	0.05620160622746486	51.625	4.939062499999999	49.75	10.125	8
D.veechi	PAR1	7267060.313	7682972.577	7.7215	0.5175	0.126666667	0.03378831345628328	0.3497221189186175	0.5058548009367682	0.060593915716439926	54	6.5625	52.75	11.064062499999999	8
D.veechi	PAR2	6893647.652	7682972.577	7.3245	0.59125	0.25	0.4458984629836044	0.41078644761784344	0.5766590389016019	0.06951058819577897	63	7.75	46.25	11.876562499999999	8
D.veechi	PRO1	8084707.379	7682972.577	8.591	0.51625	0.371666667	0.08775850577456072	0.45722313753445465	0.5152027027027027	0.07915748425236716	38.125	8.314062499999999	35.875	8.25	8
D.veechi	PRO2	11301155.9	7682972.577	12.008	0.62	-0.063333333	0.6499250257246444	0.4520149794895133	0.6107566089334548	0.07448480942266796	83.75	13.064062499999999	53.375	14.503124999999997	8
D.veechi	PSE1	NA	7682972.577	NA	0.33625	0.045	-1.0674629677787388	0.40518587823263796	0.3230240549828179	0.061416896002969644	35.25	5.3125	73.875	17.507812499999993	8
D.veechi	PSE10	15528.536	7682972.577	0.033	0.3275	0.218333333	-1.0648828515848545	0.22605004885263416	0.32341526520051744	0.034285680676777355	31.25	2.6875	65.375	8.5625	8
D.veechi	PSE11	10446866.69	7682972.577	11.101	0.4525	-0.105	-0.23730413074037623	0.27142765550813713	0.45897079276773295	0.046718115595449916	41.25	7.3125	48.625	3.0640624999999986	8
D.veechi	PSE12	1687689.337	7682972.577	1.793	0.4975	0.106666667	-0.032688618706174566	0.4598070807920683	0.49433573635427397	0.07966826983114456	60	12.626562499999999	61.375	14.690624999999997	8
D.veechi	PSE13	7012810.484	7682972.577	7.4515	0.6425	0.466666667	0.7498165126160465	0.4682358804167687	0.6270853778213935	0.0758972845436933	79.875	9.0625	47.5	14.443749999999994	8
D.veechi	PSE14	8774387.357	7682972.577	9.322	0.21125	-0.1	-1.9123761346922483	0.3426844342958413	0.2098950524737631	0.039391890324804286	17.5	3.5625	65.875	8.0625	8
D.veechi	PSE15	2506133.685	7682972.577	2.6625	0.53	-0.123333333	0.15975319638502103	0.27641913453431405	0.5276548672566371	0.04775325250720944	59.625	6.9375	53.375	8.125	8
D.veechi	PSE2	926010.827	7682972.577	1.513076923	0.26625	0.463333333	-1.4928442987327246	0.31303870071929896	0.26216216216216215	0.04197149381661414	24.25	3.6875	68.25	10.564062499999999	8
D.veechi	PSE3	3016775.061	7682972.577	3.205	0.41	0.296666667	-0.5570159602182413	0.3241163155549816	0.40465793304221254	0.054122890702096034	34.75	4.626562499999999	51.125	9.251562499999999	8
D.veechi	PSE4	8824778.061	7682972.577	9.376	0.25875	0.408333333	-1.5019920808653429	0.6673640328528282	0.2609375	0.08920843528092076	20.875	7.25	59.125	18.065624999999997	8
D.veechi	PSE5	10400623.24	7682972.577	11.0505	0.47	0.191666667	-0.0887442118300796	0.5251312578824551	0.48462664714494874	0.090912286549386	41.375	12.251562499999999	44	9.314062499999999	8
D.veechi	PSE6	4802460.648	7682972.577	5.103	0.4125	0.285	-0.5140541244194502	0.2864351511682551	0.41185185185185186	0.04809274115247016	34.75	5.065624999999997	49.625	6.689062499999999	8
D.veechi	PSE7	11896956.91	7682972.577	12.6405	0.44875	0.205	-0.3759953985505458	0.4778460299572172	0.4352112676056338	0.08141409466025475	38.625	6.5625	50.125	14.251562499999999	8
D.veechi	PSE8	8976830.645	7682972.577	9.538	0.4425	0.628333333	-0.3094833285207171	0.3500304043223649	0.4465753424657534	0.05996315502410174	61.125	12.064062499999999	75.75	10.689062499999999	8
D.veechi	PSE9	10339210	7682972.577	10.985	0.44625	0.135	-0.3325753390868709	0.28734464293158085	0.4426229508196721	0.0491373325748651	47.25	5.878124999999997	59.5	9.254687499999996	8
D.veechi	RAL1	2011746.206	7682972.577	2.136	0.56375	0.035	0.38257310403233225	0.3994308058399353	0.5659090909090909	0.06801338325657005	62.25	13.129687499999996	47.75	8.564062499999999	8
D.veechi	RAL2	561680.4045	7682972.577	0.597	0.4575	0.013333333	-0.20287542324359906	0.3674855344237311	0.46490218642117376	0.06336661010406358	50.5	11.503124999999997	58.125	6.626562499999999	8
D.veechi	RAL3	5256709.919	7682972.577	5.5845	0.4175	0.173333333	-0.6241122544763097	0.6258565248810413	0.39350525310410694	0.10353276754835201	51.5	11.318749999999994	79.375	29.6875	8
D.veechi	RAL4	1471353.492	7682972.577	1.564	0.3825	0.103333333	-0.6926763180214094	0.2858518446882341	0.38222222222222224	0.046785866311757913	43	6.878124999999997	69.5	8.126562499999999	8
D.veechi	RAL5	1975341.412	7682972.577	2.0985	0.50625	0.058333333	-0.005624549193878087	0.7022148378805927	0.49902534113060426	0.1216840963742622	64	22.004687499999996	64.25	22.13593749999999	8
D.veechi	RAO1	3147719.252	7682972.577	3.345	0.46	0.075	-0.204307995467976	0.4971524972681204	0.4646551724137931	0.08571946922652188	67.375	18.315624999999997	77.625	16.4390625	8
D.veechi	RHO1	989329.8345	7682972.577	1.051	0.63	0.005	0.7861316509700906	0.3914319495051825	0.632952691680261	0.06303402309761152	48.5	9.443749999999994	28.125	5.314062499999999	8
D.veechi	SIN1	2855748.164	7682972.577	3.0345	0.46375	-0.003333333	-0.1736480874850298	0.38593131093739425	0.46994535519125685	0.0666351656648768	53.75	11.692187499999996	60.625	9.439062499999999	8
D.veechi	SPH1	3395267.994	7682972.577	3.6075	0.4575	0.088333333	-0.2481611293522636	0.1574793073226181	0.4571026722925457	0.027088217077907706	40.625	3.3125	48.25	3.5015624999999986	8
D.veechi	SPH2	3811085.842	7682972.577	4.0495	0.41125	-0.006666667	-0.4777015340610147	0.3908916723466405	0.41796875	0.06591313901076144	53.5	12.8125	74.5	9.440624999999997	8
D.veechi	SPH3	4718523.965	7682972.577	5.013	0.5025	0.038333333	0.010492373817642484	0.37114509470261103	0.5018181818181818	0.06431369355269104	51.75	9.689062499999999	51.375	9.064062499999999	8
D.veechi	SPH4	3335773.94	7682972.577	3.5445	0.435	0.038333333	-0.3616564029508202	0.1852072569640154	0.4376558603491272	0.03159500165380067	43.875	4.875	56.375	3.625	8
D.veechi	STA1	1344274.781	7682972.577	1.429	0.17	0.263333333	-2.3319294870448615	0.26456782668222595	0.16570605187319884	0.025352451116447672	14.375	1.9375	72.375	9	8
D.veechi	STE1	4475605.875	7682972.577	4.755	0.4425	0.116666667	-0.31574657847105425	0.37968305020829296	0.4455026455026455	0.06501243561291035	52.625	10.317187499999996	65.5	11.5	8
D.veechi	STE2	3965863.548	7682972.577	4.2135	0.505	0.106666667	0.06206096813225166	0.35284570817256367	0.510752688172043	0.06111522422725386	59.375	11.690624999999997	56.875	8.251562499999999	8
D.veechi	STE3	3620051.318	7682972.577	3.846	0.43625	0.015	-0.4284047230166727	0.37676098760418253	0.42630385487528344	0.06386936218256442	47	5.876562499999999	63.25	14.501562499999999	8
D.veechi	VAR1	4641914.435	7682972.577	4.932	0.575	0.303333333	0.43158867554269176	0.3838871882611716	0.574235807860262	0.06505616871263928	65.75	12.003124999999997	48.75	9.4375	8
D.veechi	aci1	10243950.46	7682972.577	10.884	0.42	0.108333333	-0.5086966064930889	0.3103255638133066	0.412751677852349	0.052137913370084714	46.125	5.625	65.625	11.628124999999997	8
D.veechi	aci2	9666856.919	7682972.577	10.81210526	0.38625	0.293333333	-0.6398244357556746	0.34785306245547304	0.39090909090909093	0.05740889400835808	43	8.5	67	9.25	8
D.veechi	par1	447360.769	7682972.577	0.475	0.4875	0.248333333	-0.10287718064030241	0.28641356415164965	0.48218029350104824	0.04956864804576308	57.5	5.689062499999999	61.75	10.628124999999997	8
P.quartusdecimus	ACH1	817372.5335	3028779.053	0.583	0.29375	0.146666667	-1.3503098962571847	0.3556311370670646	0.28171641791044777	0.04988079157344346	18.875	2.503124999999997	48.125	10	8
P.quartusdecimus	ACH2	4022359.688	3028779.053	4.2735	0.34125	0.343333333	-0.9301351931254283	0.4027271882779633	0.344180225281602	0.06300961604763529	34.375	7.001562499999999	65.5	12.503124999999997	8
P.quartusdecimus	ACI1	5943941.723	3028779.053	6.316	0.44125	0.17	-0.38332863955150553	0.46607855383148233	0.4339622641509434	0.07935639533654203	23	4.876562499999999	30	7.3125	8
P.quartusdecimus	ACI10	7762622.848	3028779.053	8.248	0.40625	0.058333333	-0.544842192252235	0.4022246123267221	0.4066924066924067	0.06727288816112667	39.5	7.689062499999999	57.625	11.501562499999999	8
P.quartusdecimus	ACI11	5802556.764	3028779.053	6.165	0.42125	0.158333333	-0.4066252594626437	0.4316744217444443	0.43	0.07333732893707676	48.375	12.379687499999996	64.125	9.942187499999996	8
P.quartusdecimus	ACI2	7537602.729	3028779.053	8.011	0.435	0.195	-0.3888059577056642	0.34900692945197176	0.43302990897269183	0.05939331339384819	41.625	7.3125	54.5	9.064062499999999	8
P.quartusdecimus	ACI3	7793777.712	3028779.053	8.2815	0.4125	0.123333333	-0.498547748903683	0.2366997182012169	0.41445783132530123	0.03981637600586415	43	5.565624999999997	60.75	6.125	8
P.quartusdecimus	ACI4	4668742.374	3028779.053	4.961	0.47875	-0.065	-0.06727069583600652	0.4648721050927458	0.48834498834498835	0.08051242645279533	52.375	13.443749999999994	54.875	10.689062499999999	8
P.quartusdecimus	ACI5	6087236.482	3028779.053	6.4675	0.4225	0.24	-0.3319121834599845	0.8099235554011769	0.44273635664873173	0.13850816889906375	72	31.579687499999984	90.625	31.756249999999994	8
P.quartusdecimus	ACI6	8765871.356	3028779.053	9.313	0.46125	0.173333333	-0.2835327161503521	0.4106768111086314	0.4510250569476082	0.07048209986450472	49.5	8.6875	60.25	13.503124999999997	8
P.quartusdecimus	ACI7	7263248.251	3028779.053	7.717	0.43	-0.288333333	-0.5380958956831821	0.4780828289989614	0.40782122905027934	0.08002971497548124	18.25	3	26.5	7.625	8
P.quartusdecimus	ACI8	6141732.957	3028779.053	6.526	0.48	0.188333333	-0.09808499968218932	0.49625876581683764	0.4830097087378641	0.08589579427771939	49.75	11.4375	53.25	13.625	8
P.quartusdecimus	ACI9	5332659.761	3028779.053	5.668	0.43	-0.071666667	-0.42496661652257545	0.3482743903596636	0.4268867924528302	0.059060910380239626	45.25	7.8125	60.75	10.25	8
P.quartusdecimus	ADV1	6820780.6	3028779.053	7.2485	0.3725	0.05	-0.7833094480909532	0.32593565873893315	0.3675018982536067	0.05251412709223934	60.5	8.253124999999997	104.125	18.7515625	8
P.quartusdecimus	ART1	1079030.329	3028779.053	1.147	0.41625	-0.153333333	-0.5020415410211382	0.3635022595104274	0.41387024608501116	0.06112101381264946	23.125	4	32.75	6	8
P.quartusdecimus	ART2	967922.32	3028779.053	1.0295	0.39	0.081666667	-0.615220321813837	0.46046088424480835	0.3949771689497717	0.07627144251872599	21.625	5.625	33.125	6.126562499999999	8
P.quartusdecimus	ART3	735473.015	3028779.053	0.7815	0.44875	0.08	-0.3093280581077289	0.16742294956621073	0.44660194174757284	0.028681290468222237	23	1.6875	28.5	2.5625	8
P.quartusdecimus	ART4	6371782.065	3028779.053	6.7705	0.34375	-0.538333333	-0.908790128524	0.31679403026330694	0.3475274725274725	0.04979134091403637	31.625	5.814062499999999	59.375	7.129687499999996	8
P.quartusdecimus	ART5	1043180.363	3028779.053	1.1085	0.38875	0.13	-0.6217679417197036	0.32303575609521745	0.3938931297709924	0.05345688765618645	32.25	6.25	49.625	5.565624999999997	8
P.quartusdecimus	ART6	840846.4035	3028779.053	0.8935	0.3075	0.05	-1.2151244208724086	0.31358468472594103	0.3010590015128593	0.04573750162316476	24.875	3.4375	57.75	9.689062499999999	8
P.quartusdecimus	ART7	1023769.954	3028779.053	1.088	0.36875	0.148333333	-0.74255744241056	0.34787320742898603	0.37409200968523004	0.05645928453624018	38.625	8.375	64.625	6.817187499999996	8
P.quartusdecimus	ART8	217420.4275	3028779.053	0.2305	0.24375	0.038333333	-1.7078192485066896	0.42654110797174577	0.234375	0.05305346393845095	16.875	3.3125	55.125	12.1875	8
P.quartusdecimus	ART9	181902.7145	3028779.053	0.1925	0.30875	-0.065	-1.461580085215874	0.5977049988671834	0.2663755458515284	0.08096186450176457	15.25	3.3125	42	14.817187499999996	8
P.quartusdecimus	BAC1	232105.5565	3028779.053	0.2465	0.3075	-0.091666667	-1.1735635785056606	0.48519329225616425	0.30715532286212915	0.07157052119176234	22	5.5625	49.625	11.004687499999996	8
P.quartusdecimus	BAC2	3414333.676	3028779.053	3.6275	0.41375	0.268333333	-0.5548005302109037	0.24473825354280399	0.40502793296089384	0.04087981012976373	18.125	1.25	26.625	4.126562499999999	8
P.quartusdecimus	BAC3	2194146.696	3028779.053	2.331	0.25625	-0.698333333	-1.5492584390394772	0.3228599925374801	0.2546689303904924	0.04247808045579215	18.75	3.125	54.875	8.195312499999993	8
P.quartusdecimus	BAC4	630191.6765	3028779.053	0.6695	0.30875	0.043333333	-1.130985312175967	0.5474287191934614	0.3134715025906736	0.08166005603029608	15.125	4.5625	33.125	7.625	8
P.quartusdecimus	BAC5	6259771.551	3028779.053	6.651	0.34	0.151666667	-1.0118741002882918	0.42412620689586156	0.3315068493150685	0.06514934252817463	15.125	3.1875	30.5	6.251562499999999	8
P.quartusdecimus	BAC6	2249442.755	3028779.053	2.3905	0.3575	0.071666667	-0.8785801995851412	0.32213700305829895	0.3522906793048973	0.05095037382210717	27.875	4.3125	51.25	8.251562499999999	8
P.quartusdecimus	BAC7	2382020.56	3028779.053	2.531	0.1175	0.266666667	-2.8607118213089953	0.5141405425317513	0.12101063829787234	0.03790656950832219	11.375	3.9375	82.625	7.001562499999999	8
P.quartusdecimus	BAC8	1461022.21	3028779.053	1.553	0.245	-0.068333333	-1.5670405927238937	0.4146693093506239	0.2523364485981308	0.054226746729393774	30.375	8.253124999999997	90	8.4375	8
P.quartusdecimus	BOR1	5101711.494	3028779.053	5.4215	0.29125	0.361666667	-1.2987621103083196	0.34733684354075933	0.289002557544757	0.04947047028228576	14.125	2.6265624999999986	34.75	5.314062499999999	8
P.quartusdecimus	BRE1	91129.615	3028779.053	0.0975	0.23625	-0.36	-1.6880559936852597	0.399643491293738	0.23684210526315788	0.05006929996970924	11.25	2.875	36.25	3.875	8
P.quartusdecimus	BRE2	187906.5725	3028779.053	0.1975	0.64875	-0.026666667	0.874469117916141	0.41936982849752025	0.6470588235294118	0.06638481293947274	33	5.751562499999999	18	4.1875	8
P.quartusdecimus	BUR1	540956.6915	3028779.053	0.575	0.17	0.085	-2.2758584461913776	0.5146566625897979	0.17114914425427874	0.05060508779348516	26.25	7.1875	127.125	29.068749999999994	8
P.quartusdecimus	CHR1	2369827.152	3028779.053	2.5185	0.34	0.111666667	-0.9954750771869307	0.29028658892277787	0.33403068340306835	0.04476030276693046	59.875	6.375	119.375	20.38125	8
P.quartusdecimus	CHR2	2603552.426	3028779.053	2.765	0.3925	0.016666667	-0.6818240399737452	0.35724300192501063	0.384	0.058573493532825906	18	2.7515624999999986	28.875	5.625	8
P.quartusdecimus	CHR3	845995.3545	3028779.053	0.898	0.31875	0.026666667	-1.0834160081876376	0.38216475436655606	0.32061068702290074	0.05769959940741368	15.75	3.3125	33.375	5.375	8
P.quartusdecimus	CHR4	1402940.061	3028779.053	1.4905	0.36125	0.126666667	-0.8514774752899119	0.3568363471197313	0.35658914728682173	0.05674806394246912	23	4.126562499999999	41.5	7.065624999999997	8
P.quartusdecimus	CHR5	2591281.291	3028779.053	2.7515	0.39875	0.155	-0.7089512179966095	0.48918417803111947	0.3795620437956204	0.07985074970928005	19.5	2.6875	31.875	9.875	8
P.quartusdecimus	CHR6	5669810.143	3028779.053	6.024	0.375	0.185	-0.7624211748488762	0.43734332741926335	0.37087378640776697	0.07073133990677213	23.875	5	40.5	8.876562499999999	8
P.quartusdecimus	CUP1	4436564.087	3028779.053	4.7145	0.395	0.191666667	-0.6380395530101179	0.3338946054287395	0.3912037037037037	0.055120077934029385	21.125	3.5	32.875	5.3125	8
P.quartusdecimus	CUP2	411464.8195	3028779.053	0.437	0.38	0.291666667	-0.7728225160981751	0.5004856722136197	0.3691931540342298	0.08079177457000991	18.875	3.9375	32.25	8.939062499999999	8
P.quartusdecimus	CUP3	788994.5815	3028779.053	0.8385	0.3225	0.473333333	-1.040641984497346	0.3200462280389911	0.32710280373831774	0.04882825000851266	21.875	4.376562499999999	45	4.3125	8
P.quartusdecimus	CUR1	922086.9565	3028779.053	0.979	0.2375	-0.141666667	-1.7484612330040357	0.2815732635469463	0.22935779816513763	0.034497146609891366	12.5	0.9390624999999986	42	7.565624999999997	8
P.quartusdecimus	DEL1	7955569.037	3028779.053	8.453	0.37625	-0.21	-0.5621366958720049	0.6517584779167576	0.40380313199105144	0.10876058213535618	45.125	17.317187499999996	66.625	15.881249999999994	8
P.quartusdecimus	DEL2	6285392.593	3028779.053	6.679	0.395	-0.325	-0.7718712091144075	0.6737644225724647	0.3693467336683417	0.10878235284707871	36.75	7.626562499999999	62.75	26.253124999999997	8
P.quartusdecimus	DYE1	1923521.168	3028779.053	2.0435	0.21625	-0.098333333	-1.8506660933309342	0.2995991754875447	0.2170767004341534	0.03529380682233941	18.75	3.1875	67.625	8.065624999999997	8
P.quartusdecimus	EMP1	4310986.674	3028779.053	4.581	0.4175	0.341666667	-0.5090136474878575	0.2901808874137494	0.4126984126984127	0.04875152873081906	42.25	5.3125	60.125	9.439062499999999	8
P.quartusdecimus	EMP2	4210705.33	3028779.053	4.474	0.45625	0.281666667	-0.18010200605457782	0.39708826505777944	0.4688311688311688	0.06854275767656064	45.125	11.567187499999996	51.125	5.125	8
P.quartusdecimus	ENS1	6678811.469	3028779.053	7.0965	0.42125	0.418333333	-0.4642810182986931	0.19904727440244527	0.42023346303501946	0.033614408485393654	40.5	3.5625	55.875	5.939062499999999	8
P.quartusdecimus	ENT1	5749035.878	3028779.053	6.108	0.51	0.203333333	0.056583528366367514	0.6580603556700813	0.5098039215686274	0.11398932799351964	29.25	9.814062499999999	28.125	8.690624999999997	8
P.quartusdecimus	ENT2	7202720.159	3028779.053	7.6535	0.45875	0.256666667	-0.25861065367964364	0.9792961070381283	0.4553058024046001	0.16834313980419346	108.875	54.945312499999986	130.25	59.128125	8
P.quartusdecimus	ENT3	4954792.186	3028779.053	5.265	0.34875	0.221666667	-0.9138433562502855	0.24540971401798847	0.34673366834170855	0.038530398490990464	25.875	3.003124999999997	48.75	6.0625	8
P.quartusdecimus	ESC1	8949890.482	3028779.053	9.5105	0.44375	0.415	-0.39548470185744344	0.30827548666022514	0.4318936877076412	0.05242892156300092	48.75	3.8125	64.125	12.751562499999999	8
P.quartusdecimus	FAL1	2115468.224	3028779.053	2.248	0.46375	0.178333333	-0.21526798690306645	0.24730390410139994	0.4627659574468085	0.042616851516523314	21.75	2.6875	25.25	3	8
P.quartusdecimus	FIC1	7161007.135	3028779.053	7.6085	0.33	0.18	-1.050626073069968	0.34656767649682413	0.32558139534883723	0.05274759198583876	21	4.129687499999996	43.5	6.001562499999999	8
P.quartusdecimus	FLA1	1258367.121	3028779.053	1.3365	0.3225	-0.046666667	-1.0718929184817858	0.30484529841980523	0.32235294117647056	0.04615727456172574	17.125	2.9390624999999986	36	4.4375	8
P.quartusdecimus	FLA2	1117654.317	3028779.053	1.1875	0.3875	0.11	-0.6480547611524183	0.24281395059217423	0.3895516248457425	0.04002331512247594	118.375	14.631249999999994	185.5	21.190624999999997	8
P.quartusdecimus	FLA3	2110021.003	3028779.053	2.2415	0.41875	0.153333333	-0.4952078479628272	0.4880853521208144	0.4150197628458498	0.08213555715137932	26.25	6.125	37	9.064062499999999	8
P.quartusdecimus	FLA4	1509938.231	3028779.053	1.605	0.40625	0.073333333	-0.5508693020527483	0.5896635161587845	0.40568475452196384	0.09854515507061144	19.625	5.751562499999999	28.75	8.190624999999997	8
P.quartusdecimus	FLA5	1945163.353	3028779.053	2.0655	0.3775	0.035	-0.7842713089445628	0.3613863484115531	0.3673469387755102	0.05821558188247886	15.75	2.3140624999999986	27.125	5.503124999999997	8
P.quartusdecimus	FLA6	1822942.2	3028779.053	1.9375	0.38625	0.21333333300000001	-0.6690267655096307	0.2824899848802753	0.3861003861003861	0.04641155425893073	50	7.003124999999997	79.5	10.878124999999997	8
P.quartusdecimus	HER1	8568829.212	3028779.053	9.105	0.2975	0.363333333	-1.2395754330098048	0.3329031524268945	0.29750479846449135	0.04822594047227346	19.375	3.4375	45.75	6.75	8
P.quartusdecimus	KLE1	2983879.246	3028779.053	3.1705	0.47625	0.343333333	-0.13022257740858095	0.2819728270358331	0.4774494556765163	0.04876277657813168	115.125	16.4375	126	16.817187500000003	8
P.quartusdecimus	KLE2	1711813.048	3028779.053	1.8195	0.4575	0.275	-0.2642606660358736	0.4108345715055701	0.45433472415391746	0.07059837283818168	122.5	20.875	147.125	33.5671875	8
P.quartusdecimus	KLE3	4055830.561	3028779.053	4.308	0.385	0.311666667	-0.6740588426060143	0.29395867750274585	0.3852739726027397	0.04825729988057562	28.125	4.253124999999997	44.875	6.128124999999997	8
P.quartusdecimus	KOS1	8856856.133	3028779.053	9.41	0.24375	0.426666667	-1.5881649327595002	0.5170654495501132	0.24958402662229617	0.06712585601623487	18.75	6.5	56.375	5.128124999999997	8
P.quartusdecimus	KOS2	8079727.915	3028779.053	8.5835	0.46	0.183333333	-0.2270980283101876	0.3611809175499871	0.460727969348659	0.06220176840083722	120.25	22.9375	140.75	22.82187499999999	8
P.quartusdecimus	LYS1	8901895.506	3028779.053	9.4585	0.45625	0.566666667	-0.22300751196221755	0.3088664198803325	0.46143250688705234	0.05320402369686464	41.875	7.189062499999999	48.875	6.251562499999999	8
P.quartusdecimus	LYS2	4104142.797	3028779.053	4.3615	0.4125	0.466666667	-0.5028001836230379	0.4269641574885748	0.4137426900584795	0.07178529417130004	35.375	7.8125	50.125	9.875	8
P.quartusdecimus	MIC1	164975.7765	3028779.053	0.176	0.2525	-0.201666667	-1.5738219431159557	0.4163732777422379	0.2514506769825919	0.054322724261268884	16.25	3.6875	48.375	8.626562499999999	8
P.quartusdecimus	MIC2	33038.346	3028779.053	0.0355	0.28375	-0.17	-1.3161841123525584	0.33629548642964574	0.286527514231499	0.04765297963977325	18.875	3.875	47	5.189062499999999	8
P.quartusdecimus	MIC2	33038.346	3028779.053	0.0355	0.28375	-0.17	-1.3161841123525584	0.33629548642964574	0.286527514231499	0.04765297963977325	18.875	3.875	47	5.189062499999999	8
P.quartusdecimus	MIC2	33038.346	3028779.053	0.0355	0.28375	-0.17	-1.3161841123525584	0.33629548642964574	0.286527514231499	0.04765297963977325	18.875	3.875	47	5.189062499999999	8
P.quartusdecimus	MIC2	33038.346	3028779.053	0.0355	0.28375	-0.17	-1.3161841123525584	0.33629548642964574	0.286527514231499	0.04765297963977325	18.875	3.875	47	5.189062499999999	8
P.quartusdecimus	MIC2	33038.346	3028779.053	0.0355	0.28375	-0.17	-1.3161841123525584	0.33629548642964574	0.286527514231499	0.04765297963977325	18.875	3.875	47	5.189062499999999	8
P.quartusdecimus	MIC2	33038.346	3028779.053	0.0355	0.28375	-0.17	-1.3161841123525584	0.33629548642964574	0.286527514231499	0.04765297963977325	18.875	3.875	47	5.189062499999999	8
P.quartusdecimus	MIC2	33038.346	3028779.053	0.0355	0.28375	-0.17	-1.3161841123525584	0.33629548642964574	0.286527514231499	0.04765297963977325	18.875	3.875	47	5.189062499999999	8
P.quartusdecimus	MIC2	33038.346	3028779.053	0.0355	0.28375	-0.17	-1.3161841123525584	0.33629548642964574	0.286527514231499	0.04765297963977325	18.875	3.875	47	5.189062499999999	8
P.quartusdecimus	MIC2	33038.346	3028779.053	0.0355	0.28375	-0.17	-1.3161841123525584	0.33629548642964574	0.286527514231499	0.04765297963977325	18.875	3.875	47	5.189062499999999	8
P.quartusdecimus	MIC3	30142.7435	3028779.053	0.033	0.15	-0.383333333	-2.4792530595500413	0.4184804966081218	0.15206611570247933	0.03740202589739993	11.5	2.9375	64.125	8.814062499999999	8
P.quartusdecimus	MIC4	561750.5195	3028779.053	0.597	0.11375	0.038333333	-3.0672632269046782	0.5401525400377856	0.1065891472868217	0.035653822278588716	6.875	2.0015624999999986	57.625	13.565624999999997	8
P.quartusdecimus	OCH1	1178337.34	3028779.053	1.252	0.3775	-0.395	-0.7369655941662062	0.1920153704248742	0.375	0.03119412014863478	78.375	7.439062499999999	130.625	12.1875	8
P.quartusdecimus	OCH2	2705873.775	3028779.053	2.8755	0.39875	-0.293333333	-0.5680965728291999	0.416924937495104	0.4028089887640449	0.06951775665494839	89.625	19.942187499999996	132.875	24.503125000000004	8
P.quartusdecimus	PAE1	3412874.054	3028779.053	3.626	0.41625	-0.268333333	-0.497879586010523	0.26627810229924276	0.41457023060796644	0.044795442405879224	98.875	12.128124999999997	139.625	19.256249999999987	8
P.quartusdecimus	PAE2	2508818.97	3028779.053	2.667	0.43	0.171666667	-0.4308048151371604	0.4475315219003897	0.42589703588143524	0.075847889000343	34.125	7.314062499999999	46	10.315624999999997	8
P.quartusdecimus	PAE3	1341868.004	3028779.053	1.426	0.27625	-0.291666667	-1.3868547315081352	0.34479164075725766	0.27661909989023054	0.04782240251966603	31.5	6.003124999999997	82.375	11.879687499999996	8
P.quartusdecimus	PAE4	1552096.021	3028779.053	1.649	0.165	-0.201666667	-2.4405725913859815	0.43203305470899594	0.15555555555555556	0.039336801652120564	10.5	1.8140624999999986	57	13.942187499999996	8
P.quartusdecimus	PAE5	862823.652	3028779.053	0.917	0.30125	0.09	-1.2249036404924978	0.44566168582327914	0.29963459196102316	0.06482572721265788	30.75	6.5	71.875	16.190624999999997	8
P.quartusdecimus	PAE6	1583115.73	3028779.053	1.6825	0.3675	0.125	-0.8296475966760581	0.2659184620317892	0.36006825938566556	0.04247099565546649	26.375	2	46.875	7.875	8
P.quartusdecimus	PAR1	1349487.561	3028779.053	1.4335	0.2475	0.608333333	-1.5698556083309478	0.4960120075522073	0.25196850393700787	0.06480131109544422	16	5.064062499999999	47.5	6.378124999999997	8
P.quartusdecimus	PAR2	5836890.731	3028779.053	6.203	0.2725	0.5	-1.40232644752929	0.4014088514921541	0.27447833065810595	0.05540779378218681	21.375	5.251562499999999	56.5	7.378124999999997	8
P.quartusdecimus	PRO1	9186942.217	3028779.053	9.76	0.50875	0.221666667	0.05108710438633495	0.2260939609541709	0.5088517956499747	0.03916681849325109	125.75	12.4375	121.375	14.75468750000001	8
P.quartusdecimus	PRO2	5300759.324	3028779.053	5.632	0.555	0.468333333	0.2740473985562116	0.41305723555570906	0.5473465140478668	0.07093554682440864	65.75	10.001562499999999	54.375	13.189062499999999	8
P.quartusdecimus	PSE1	NA	3028779.053	NA	0.47125	0.036666667	-0.17563865263670603	0.3171565239002838	0.469601677148847	0.054755896223939365	56	8.314062499999999	63.25	10.254687499999996	8
P.quartusdecimus	PSE10	7159182.564	3028779.053	7.606	0.2575	0.048333333	-1.4642810182986932	0.6335017890418311	0.2660098522167488	0.08573561335300775	20.25	7.439062499999999	55.875	13.440624999999997	8
P.quartusdecimus	PSE11	7969504.06	3028779.053	8.468	0.51125	0.018333333	0.05935527761642124	0.33608223945046456	0.5102840352595495	0.058213976592737415	65.125	9.626562499999999	62.5	11.253124999999997	8
P.quartusdecimus	PSE12	5903730.073	3028779.053	6.274	0.25875	0.283333333	-1.5719943680928568	0.5736015848121238	0.2516891891891892	0.0748828534073308	18.625	5.439062499999999	55.375	14.940624999999997	8
P.quartusdecimus	PSE13	2292717.503	3028779.053	2.4365	0.525	0.07	0.17694945057528097	0.2619931123619451	0.5306246209824136	0.0452296302678542	109.375	16.7515625	96.75	9.440624999999997	8
P.quartusdecimus	PSE14	10392515.48	3028779.053	11.0415	0.47375	0.301666667	-0.1780528823257126	0.2862283392704517	0.4691848906560636	0.04941119826243926	88.5	11.5	100.125	15.01093749999999	8
P.quartusdecimus	PSE15	320835.2875	3028779.053	0.341	0.165	-0.4	-2.335603031784439	0.3293550814266078	0.16535433070866143	0.031507035873589204	18.375	3.3765624999999986	92.75	12.564062499999999	8
P.quartusdecimus	PSE2	7255210.471	3028779.053	7.7085	0.4125	0.106666667	-0.5381857300517088	0.2657324566283465	0.4078061911170929	0.04448235185038449	37.875	3.4390624999999986	55	8.814062499999999	8
P.quartusdecimus	PSE3	9500535.738	3028779.053	10.095	0.245	0.091666667	-1.6665762662748083	0.29260212701469834	0.23954372623574144	0.036945537394101724	15.75	1.9375	50	8.0625	8
P.quartusdecimus	PSE4	9448597.139	3028779.053	10.04	0.5175	0.176666667	0.12567875222603628	0.26058508264563096	0.5217647058823529	0.04507039189413006	110.875	17.135937499999997	101.625	9.5	8
P.quartusdecimus	PSE5	9315256.233	3028779.053	9.8975	0.23625	0.263333333	-1.7796099315747	0.38735134621237166	0.22556390977443608	0.04690139154026809	15	2.4390624999999986	51.5	11.003124999999997	8
P.quartusdecimus	PSE6	8198127.236	3028779.053	8.7105	0.3175	0.188333333	-1.2051144299046124	0.3815034977706381	0.3025210084033613	0.05579697511999039	22.5	3.6265624999999986	51.875	10.875	8
P.quartusdecimus	PSE7	8814519.267	3028779.053	9.3655	0.4425	0.261666667	-0.3589588258323294	0.3454713902960245	0.43811610076670315	0.05894858030268808	50	8.251562499999999	64.125	11.126562499999999	8
P.quartusdecimus	PSE8	9130188.257	3028779.053	9.7005	0.29125	-0.188333333	-1.3332434081151965	0.5184532575198175	0.2841163310961969	0.07309265234723408	15.875	4.689062499999999	40	8.1875	8
P.quartusdecimus	PSE9	10051370.52	3028779.053	10.6795	0.42375	0.168333333	-0.46000423029033494	0.2661468976898237	0.4209558823529412	0.04496712338842327	57.25	6.625	78.75	11.314062499999999	8
P.quartusdecimus	RAL1	8237471.403	3028779.053	8.752	0.3775	0.14	-0.7140911279136195	0.5611289188340728	0.37872340425531914	0.09151562507375684	22.25	6.814062499999999	36.5	8.751562499999999	8
P.quartusdecimus	RAL2	2185630.656	3028779.053	2.322	0.31125	-0.458333333	-1.235888263820671	0.5268839108756587	0.2980392156862745	0.07640585860436637	19	4.876562499999999	44.75	11.626562499999999	8
P.quartusdecimus	RAL3	3342021.345	3028779.053	3.551	0.3075	0.176666667	-1.1937717433966801	0.2571834517697276	0.3041825095057034	0.03773097793519944	30	3.0015624999999986	68.625	10.125	8
P.quartusdecimus	RAL4	142191.2075	3028779.053	0.151	0.15625	-0.165	-2.432075944271836	0.3219920626782653	0.15633074935400518	0.029436573631420465	15.125	2.75	81.625	10.565624999999997	8
P.quartusdecimus	RAL5	7765039.209	3028779.053	8.25	0.345	-0.083333333	-0.9050034860642531	0.30308061525938634	0.34812286689419797	0.047674035940809385	38.25	6.439062499999999	71.625	9.001562499999999	8
P.quartusdecimus	RAO1	2031383.516	3028779.053	2.158	0.3625	0.118333333	-0.8114635709056837	0.3066972377723245	0.36297760210803687	0.04915524391208701	68.875	11.3125	120.875	16.314062500000006	8
P.quartusdecimus	RHO1	1103470.975	3028779.053	1.174	0.4	0.118333333	-0.5830604634767816	0.38939392473430573	0.40031645569620256	0.06479480796454173	31.625	6.375	47.375	8.503124999999997	8
P.quartusdecimus	SIN1	1218794.218	3028779.053	1.2945	0.29375	0.078333333	-1.2731318113794068	0.2296169588618093	0.2926666666666667	0.032947829336527616	54.875	5.814062499999999	132.625	15.751562499999991	8
P.quartusdecimus	SPH1	1852731.95	3028779.053	1.9685	0.32375	0.133333333	-1.0587622302133584	0.35308281084206783	0.32434429257480607	0.053633204502309476	109.75	20.064062500000006	228.625	37.20000000000002	8
P.quartusdecimus	SPH2	1912449.319	3028779.053	2.032	0.32125	0.053333333	-1.0822339253841233	0.34008315245318216	0.3207891852393131	0.0513611677886474	109.75	20.189062500000006	232.375	34.25312499999998	8
P.quartusdecimus	SPH3	2174815.193	3028779.053	2.311	0.28375	0.166666667	-1.4514609075287175	0.4181980240276108	0.26774847870182555	0.056832234541598	16.5	3	45.125	10.1875	8
P.quartusdecimus	SPH4	8182886.819	3028779.053	8.694	0.23125	0.131666667	-1.9475325801058645	0.6431269422449983	0.20588235294117646	0.07288298222967128	13.125	4.125	50.625	16.004687499999996	8
P.quartusdecimus	STA1	836838.651	3028779.053	0.8895	0.1725	0.151666667	-2.291411668364298	0.23524479591994465	0.16962524654832348	0.022967309043054038	10.75	1.3765624999999986	52.625	5.3125	8
P.quartusdecimus	STE1	7190741.659	3028779.053	7.6405	0.4	0.146666667	-0.5958200875532448	0.16173657087333385	0.398195149464185	0.026864906989539843	88.25	7.001562499999999	133.375	10.564062500000006	8
P.quartusdecimus	STE2	7377536.896	3028779.053	7.838	0.25625	0.165	-1.5913602719193067	0.44279565657565984	0.24916943521594684	0.05742030891035818	18.75	4.814062499999999	56.5	9.501562499999999	8
P.quartusdecimus	STE3	5138097.721	3028779.053	5.4595	0.37625	0.118333333	-0.8043935216864969	0.4348083198902985	0.3641114982578397	0.06978123836972361	26.125	5.125	45.625	10.439062499999999	8
P.quartusdecimus	VAR1	2541046.666	3028779.053	2.7005	0.46	0.095	-0.25328642928223166	0.303167735016367	0.45622119815668205	0.05213221460292914	37.125	4.751562499999999	44.25	7.375	8
P.quartusdecimus	aci1	5961090.204	3028779.053	6.334	0.33375	0.551666667	-1.0248318529799356	0.3002364814297542	0.3295194508009153	0.045978644256059686	18	2.625	36.625	5.4375	8
P.quartusdecimus	aci2	10471124.28	3028779.053	11.125	0.30125	0.505	-1.2560624452260845	0.44417774729617915	0.2951219512195122	0.0640468475018092	15.125	3.3125	36.125	7.817187499999996	8
P.quartusdecimus	par1	3729342.814	3028779.053	3.962	0.14625	-0.315	-2.5760293759511486	0.5560010001147642	0.14361702127659576	0.047399632606996964	13.5	3.6890624999999986	80.5	21.8765625	8
Panagrolaimus	ACH1	927934.1625	1735144.466	0.9865	0.50875	0.438333333	0.03157007900086973	0.42449459354854735	0.5054704595185996	0.07355050234829144	28.875	5.876562499999999	28.25	6.003124999999997	8
Panagrolaimus	ACH2	984152.309	1735144.466	1.0465	0.51875	0.31	0.07675719898403804	0.3697816891159127	0.5132978723404256	0.06403295908292829	24.125	3.625	22.875	4.75	8
Panagrolaimus	ACI1	1148364.66	1735144.466	1.221	0.73375	0.6	1.618909832644494	0.5997744385644367	0.7543859649122807	0.07703005249610458	48.375	17.567187499999996	15.75	3.1875	8
Panagrolaimus	ACI10	1708270.032	1735144.466	1.8155	0.73125	0.025	1.7124759240554228	0.7370602976015465	0.7662037037037037	0.0915188076199629	41.375	18.3765625	12.625	3.1875	8
Panagrolaimus	ACI11	897186.0095	1735144.466	0.9535	0.60375	0.153333333	0.6911099052364224	0.5136982291237697	0.6175213675213675	0.08409936124005665	36.125	10.815624999999997	22.375	4.3125	8
Panagrolaimus	ACI2	1032844.397	1735144.466	1.0965	0.72375	0.45	1.5459683691052926	0.6006146348074534	0.7448979591836735	0.07911012826048373	45.625	16.004687499999996	15.625	3.503124999999997	8
Panagrolaimus	ACI3	1025905.453	1735144.466	1.09	0.6375	0.445	0.7341340033830436	0.5897247349455705	0.6245398773006134	0.09585147409223867	63.625	14.129687499999996	38.25	13.126562499999999	8
Panagrolaimus	ACI4	933208.971	1735144.466	0.992	0.44375	0.321666667	-0.3820224420508807	0.3727300819353711	0.43418467583497056	0.06347008831336272	82.875	9.501562499999999	108	25.004687500000003	8
Panagrolaimus	ACI5	2018565.486	1735144.466	2.145	0.61875	0.285	0.6422064525556319	0.8716495730855822	0.6094839609483961	0.14380319650946552	54.625	22.128124999999997	35	15.689062499999999	8
Panagrolaimus	ACI6	1279520.651	1735144.466	1.36	0.61375	0.24	0.27250126963448695	1.29179652344453	0.5470809792843692	0.22186650787211148	72.625	33.63906249999999	60.125	46.07343749999999	8
Panagrolaimus	ACI7	718896.7635	1735144.466	0.764	0.615	0.355	0.7858751946471525	0.682700928870981	0.6329113924050633	0.10994355468967083	68.75	25.195312499999993	39.875	11.9375	8
Panagrolaimus	ACI8	1054544.646	1735144.466	1.1215	0.64125	0.371666667	0.8422605370058056	0.6531433092643938	0.6419437340153452	0.10405960804940959	31.375	10	17.5	5.626562499999999	8
Panagrolaimus	ACI9	987607.6645	1735144.466	1.0505	0.31	0.221666667	-1.1496023166432658	0.19568549726801202	0.3107011070110701	0.029049220485676545	52.625	4.876562499999999	116.75	11.564062499999999	8
Panagrolaimus	ADV1	1376391.178	1735144.466	1.462	0.43625	0.371666667	-0.412383045832866	0.5026667153550898	0.42902208201892744	0.0853502011006478	34	7.628124999999997	45.25	12.0625	8
Panagrolaimus	ART1	359116.906	1735144.466	0.3815	0.62125	0.04	0.6881222346476851	0.3918088619867979	0.6170321264660887	0.0641755849274557	151.25	24.817187499999996	93.875	20.315624999999997	8
Panagrolaimus	ART2	160387.193	1735144.466	0.17	0.63	0.38	0.7407571733285804	0.6214454489057679	0.625615763546798	0.10089129820807811	47.625	13.943749999999994	28.5	9.004687499999996	8
Panagrolaimus	ART3	291716.389	1735144.466	0.31	0.60875	0.041666667	0.5061853873370392	0.759432229842181	0.5868263473053892	0.1276311579856629	24.5	7.003124999999997	17.25	7.625	8
Panagrolaimus	ART4	1338172.175	1735144.466	1.421	0.655	0.295	1.0409079435802062	0.791588463756803	0.6729377713458755	0.12076197712333721	58.125	24.253124999999997	28.25	10.065624999999997	8
Panagrolaimus	ART5	1390257.946	1735144.466	1.478	0.59375	0.158333333	0.5479783827563031	0.5742491365306962	0.5938320209973753	0.09600527724228061	113.125	31.692187499999996	77.375	21.878124999999997	8
Panagrolaimus	ART6	859868.816	1735144.466	0.913	0.51125	0.296666667	0.07088348615650968	0.2977114814148249	0.512280701754386	0.0515583464968339	109.5	16.257812499999993	104.25	14.940624999999997	8
Panagrolaimus	ART7	336589.8065	1735144.466	0.358	0.5175	0.371666667	0.10600832381904021	0.3202912889995596	0.518361581920904	0.05542740115901367	137.625	21.814062500000006	127.875	19.878125000000004	8
Panagrolaimus	ART8	432854.189	1735144.466	0.4595	0.58125	0.01	0.39902962307845175	0.4468710678245387	0.5687091017251636	0.07597455599125075	119.5	19.440625000000004	90.625	23.88749999999999	8
Panagrolaimus	ART9	164166.8335	1735144.466	0.1745	0.67125	0.143333333	1.1040724541476867	0.5124138009212742	0.6825	0.07696489204327298	34.125	9.5	15.875	3.5015624999999986	8
Panagrolaimus	BAC1	136516.8913	1735144.466	0.145625	0.4875	0.11	-0.06680337068424635	0.4765845741961149	0.48842592592592593	0.08254156096066297	79.125	18.701562499999987	82.875	19.1265625	8
Panagrolaimus	BAC2	1142036.829	1735144.466	1.2135	0.64375	0.431666667	1.022252806847128	0.5297497433404696	0.67008547008547	0.08117603972183594	49	15.267187499999984	24.125	4.6875	8
Panagrolaimus	BAC3	774205.6045	1735144.466	0.822	0.68625	0.163333333	1.0459362841668591	0.6689810631218376	0.6737044145873321	0.10193419009507035	43.875	10.0625	21.25	8.564062499999999	8
Panagrolaimus	BAC4	231708.8855	1735144.466	0.26	0.56	0.058333333	0.356779654380814	0.27080152817560765	0.5615120274914089	0.04621610279116604	102.125	14.190624999999997	79.75	10.064062499999999	8
Panagrolaimus	BAC5	1483414.174	1735144.466	1.5765	0.53125	0.38	0.1073727230402807	0.3299163523092163	0.5185976913210774	0.05709105265774493	151.625	11.0625	140.75	30.50468749999999	8
Panagrolaimus	BAC6	1754844.245	1735144.466	1.865	0.55625	-0.106666667	0.2199071579468536	0.9195604379548347	0.5380333951762524	0.1584256705941391	36.25	14.690624999999997	31.125	15.3125	8
Panagrolaimus	BAC7	1097570.633	1735144.466	1.165	0.4225	0.163333333	-0.4819685073978307	0.3682466482690414	0.4172494172494173	0.06206442253859483	22.375	3.8125	31.25	5.939062499999999	8
Panagrolaimus	BAC8	308323.5505	1735144.466	0.328	0.15625	-0.261666667	-2.3992701834205272	0.5367372291211765	0.15935334872979215	0.049838144225700064	8.625	2.9375	45.5	6.8125	8
Panagrolaimus	BOR1	1499287.968	1735144.466	1.5935	0.4525	0.131666667	-0.34403673037770494	0.46141621563916135	0.44066390041493775	0.07883129078887471	66.375	11.753124999999997	84.25	22.4390625	8
Panagrolaimus	BRE1	50988.892	1735144.466	0.072	0.2025	0.048333333	-1.9213357229541153	1.173797249109787	0.20886699507389161	0.13444289946827076	26.5	16.195312499999993	100.375	53.91093749999997	8
Panagrolaimus	BRE2	133910.4725	1735144.466	0.142	0.59625	0.093333333	0.5600103906563648	0.1574845572840407	0.5958419958419958	0.026287284708011543	179.125	12.946874999999991	121.5	9.939062499999991	8
Panagrolaimus	BUR1	47164.164	1735144.466	0.0495	0.40625	-0.03	-0.49057013044620135	0.39315955214031245	0.4158004158004158	0.06619732734249198	25	6.189062499999999	35.125	4.001562499999999	8
Panagrolaimus	CHR1	450343.8555	1735144.466	0.478	0.42375	0.023333333	-0.36833111776710925	0.4871476002971434	0.4365175332527207	0.08305544855980823	45.125	13.0625	58.25	10.126562499999999	8
Panagrolaimus	CHR2	318703.7525	1735144.466	0.3385	0.565	0.171666667	0.37373052512193017	0.5202932862384047	0.5644028103044496	0.08866412238025594	30.125	7.503124999999997	23.25	6.064062499999999	8
Panagrolaimus	CHR3	269387.759	1735144.466	0.2865	0.47875	0.105	-0.13775866479594231	0.40597422879548745	0.476146364057434	0.07018985761913225	128.5	26.814062500000006	141.375	26.69062499999999	8
Panagrolaimus	CHR4	502490.481	1735144.466	0.534	0.65	0.171666667	0.9741908136503948	0.4271686253786283	0.6626794258373205	0.06618676069345399	34.625	9.190624999999997	17.625	2.3125	8
Panagrolaimus	CHR5	287068.557	1735144.466	0.305	0.545	0.111666667	0.25777170875291744	0.26108331865839984	0.5445499773857982	0.04488312196284681	150.5	19.00468749999999	125.875	16.317187500000003	8
Panagrolaimus	CHR6	275069.72	1735144.466	0.2925	0.49125	0.043333333	-0.07406843944528928	0.18326205043595303	0.48716773602199814	0.03173597614152517	132.875	8.251562500000006	139.875	15.5	8
Panagrolaimus	CUP1	1140429.366	1735144.466	1.2125	0.58125	0.446666667	0.43609911480667357	0.8184523691557629	0.575	0.13863588079515218	28.75	11.125	21.25	8.815624999999997	8
Panagrolaimus	CUP2	1507579.274	1735144.466	1.602	0.675	0.403333333	1.0303736490435187	0.38714934991072325	0.6713286713286714	0.05921081125346987	168	27.626562500000006	82.25	17.442187499999996	8
Panagrolaimus	CUP3	1189850.906	1735144.466	1.264	0.64375	0.385	0.7187363529229082	1.311910740132741	0.6220338983050847	0.21379456106063732	45.875	29.379687499999996	27.875	17.995312499999947	8
Panagrolaimus	CUR1	927839.6485	1735144.466	0.9865	0.515	0.113333333	0.22138670847530242	0.6379545075951392	0.5382882882882883	0.10990083527690298	29.875	11.067187499999996	25.625	6.1875	8
Panagrolaimus	DEL1	1863628.934	1735144.466	1.9805	0.43625	0.128333333	-0.3597165165629391	0.2507220205142117	0.43798681845416415	0.0427784930847424	91.375	11.9375	117.25	13.4375	8
Panagrolaimus	DEL2	1385490.304	1735144.466	1.4725	0.4375	0.355	-0.15597355605971638	1.113042136502737	0.4729981378026071	0.19231300213476143	31.75	18.88749999999999	35.375	17.378124999999997	8
Panagrolaimus	DYE1	812783.1675	1735144.466	0.863	0.48125	0.218333333	-0.10549312884731384	0.43686781286564297	0.48172757475083056	0.07560231929392675	36.25	8.126562499999999	39	7.939062499999999	8
Panagrolaimus	EMP1	271679.7615	1735144.466	0.2875	0.6825	0.221666667	1.2005329873727086	1.23748819121906	0.6968085106382979	0.1812161824503207	32.75	18.690624999999997	14.25	9.125	8
Panagrolaimus	EMP2	786860.6145	1735144.466	0.836	0.6125	0.13	0.674939015627675	0.30839331363226963	0.6148705096073517	0.050619849939047744	92	14.32343749999999	57.625	8.440624999999997	8
Panagrolaimus	ENS1	1857063.709	1735144.466	1.973	0.63375	0.391666667	0.8897483120781559	0.5659757519231265	0.6494736842105263	0.08931110714537364	77.125	22.253124999999997	41.625	11.064062499999999	8
Panagrolaimus	ENT1	1476485.508	1735144.466	1.5685	0.6775	0.306666667	1.1006251167145515	0.45364666094033623	0.681981981981982	0.06819739832084411	94.625	19.442187499999996	44.125	10.503124999999997	8
Panagrolaimus	ENT2	1515871.328	1735144.466	1.6115	0.64625	0.24	0.8584037216161821	0.30241488506193315	0.6445115810674723	0.04802692786509961	80	9.814062499999999	44.125	7.5	8
Panagrolaimus	ENT3	1527225.405	1735144.466	1.623	0.565	0.278333333	0.34539584026709363	0.5426622692895451	0.5595682855956828	0.09270150048120517	168.5	39.506249999999994	132.625	39.009374999999984	8
Panagrolaimus	ESC1	1326134.957	1735144.466	1.409	0.6	0.28	0.5762715404571118	0.5953437696663916	0.5985533453887885	0.09915713722324895	41.375	10.315624999999997	27.75	9.125	8
Panagrolaimus	FAL1	1403044.859	1735144.466	1.491	0.505	0.235	0.019345349719426915	0.3675918113661793	0.5033522434244456	0.06369594364081024	122	19.50937499999999	120.375	23.878125000000004	8
Panagrolaimus	FIC1	1586946.943	1735144.466	1.6855	0.52125	0.261666667	0.03962707412071085	0.4932249187552094	0.5068664169787765	0.08545324672437442	50.75	7.945312499999993	49.375	15.006249999999994	8
Panagrolaimus	FLA1	684155.9625	1735144.466	0.7275	0.58875	0.07	0.4997951174584789	0.2561590285339443	0.5857519788918206	0.0430833371494758	138.75	13.251562499999991	98.125	14.6875	8
Panagrolaimus	FLA2	778505.8835	1735144.466	0.828	0.5325	0.078333333	0.17646515088696146	0.397507029442101	0.5305410122164049	0.06862571680808599	38	6.9375	33.625	6.939062499999999	8
Panagrolaimus	FLA3	642204.5455	1735144.466	0.6825	0.47875	0.1	-0.1714412338896925	0.25537095571502244	0.47032640949554894	0.04409655359435737	79.25	5.689062499999999	89.25	14.440624999999997	8
Panagrolaimus	FLA4	893773.176	1735144.466	0.9495	0.62	0.12	0.7232906572691296	0.514808205439523	0.6227758007117438	0.08383052685759794	131.25	31.8203125	79.5	20.815624999999997	8
Panagrolaimus	FLA5	1767428.783	1735144.466	1.878	0.53625	0.163333333	0.23937215881437945	0.30073495014990165	0.5413851351351351	0.0517563711161599	80.125	13.064062499999999	67.875	8.815624999999997	8
Panagrolaimus	FLA6	1303010.937	1735144.466	1.385	0.535	0.205	0.18330721336305972	0.316690876569712	0.5317220543806647	0.054657453201298695	44	5.6875	38.75	6.875	8
Panagrolaimus	HER1	2149285.996	1735144.466	2.2835	0.63875	0.458333333	0.8299549290606444	0.3928742037345201	0.6399808245445829	0.06274390860309267	166.875	33.63437499999998	93.875	17.190624999999997	8
Panagrolaimus	KLE1	1802088.28	1735144.466	1.916	0.6375	0.646666667	0.8562645225385505	0.36681259379019626	0.6441717791411042	0.05827895861505855	52.5	11.064062499999999	29	4.125	8
Panagrolaimus	KLE2	1908709.827	1735144.466	2.0285	0.56375	0.351666667	0.347580905165255	0.29046466362310136	0.5599415204678363	0.04961029770213935	47.875	5.440624999999997	37.625	6.253124999999997	8
Panagrolaimus	KLE3	1743516.032	1735144.466	1.8525	0.61375	0.616666667	0.6471500154997666	0.3624752847302878	0.6102992345163535	0.059755508275730056	109.625	16	70	14.315624999999997	8
Panagrolaimus	KOS1	1484794.124	1735144.466	1.577	0.61375	0.123333333	0.6740778882108157	0.22010357465149602	0.6147291539866099	0.03613287460262053	126.25	12.25	79.125	9.315624999999997	8
Panagrolaimus	KOS2	884141.171	1735144.466	0.9395	0.5	0.138333333	0.14277525327307994	0.441660684704094	0.5247208931419458	0.07634687806292476	41.125	11.625	37.25	4.378124999999997	8
Panagrolaimus	LYS1	2112734.638	1735144.466	2.2445	0.7125	0.201666667	1.5083412191182435	0.5883296991836219	0.7399103139013453	0.07847809369240681	41.25	13.8125	14.5	3.375	8
Panagrolaimus	LYS2	2151324.689	1735144.466	2.2865	0.6625	0.24	0.9529833734985126	0.2886263745818281	0.6593856655290102	0.04493284297186987	120.75	10.440625000000004	62.375	11.253124999999997	8
Panagrolaimus	MIC1	855037.418	1735144.466	0.9075	0.5475	0.003333333	0.2833196408516968	0.23037062091080332	0.5489383738995339	0.03953775688274848	132.5	15.379687499999996	108.875	11.939062499999999	8
Panagrolaimus	MIC2	1010264.207	1735144.466	1.073	0.55	-0.025	0.2817709684153795	0.21777305373917585	0.5486725663716814	0.037379594069411715	100.75	7.378124999999997	82.875	10.939062499999999	8
Panagrolaimus	MIC2	1010264.207	1735144.466	1.073	0.55	-0.025	0.2817709684153795	0.21777305373917585	0.5486725663716814	0.037379594069411715	100.75	7.378124999999997	82.875	10.939062499999999	8
Panagrolaimus	MIC2	1010264.207	1735144.466	1.073	0.55	-0.025	0.2817709684153795	0.21777305373917585	0.5486725663716814	0.037379594069411715	100.75	7.378124999999997	82.875	10.939062499999999	8
Panagrolaimus	MIC2	1010264.207	1735144.466	1.073	0.55	-0.025	0.2817709684153795	0.21777305373917585	0.5486725663716814	0.037379594069411715	100.75	7.378124999999997	82.875	10.939062499999999	8
Panagrolaimus	MIC2	1010264.207	1735144.466	1.073	0.55	-0.025	0.2817709684153795	0.21777305373917585	0.5486725663716814	0.037379594069411715	100.75	7.378124999999997	82.875	10.939062499999999	8
Panagrolaimus	MIC2	1010264.207	1735144.466	1.073	0.55	-0.025	0.2817709684153795	0.21777305373917585	0.5486725663716814	0.037379594069411715	100.75	7.378124999999997	82.875	10.939062499999999	8
Panagrolaimus	MIC2	1010264.207	1735144.466	1.073	0.55	-0.025	0.2817709684153795	0.21777305373917585	0.5486725663716814	0.037379594069411715	100.75	7.378124999999997	82.875	10.939062499999999	8
Panagrolaimus	MIC2	1010264.207	1735144.466	1.073	0.55	-0.025	0.2817709684153795	0.21777305373917585	0.5486725663716814	0.037379594069411715	100.75	7.378124999999997	82.875	10.939062499999999	8
Panagrolaimus	MIC2	1010264.207	1735144.466	1.073	0.55	-0.025	0.2817709684153795	0.21777305373917585	0.5486725663716814	0.037379594069411715	100.75	7.378124999999997	82.875	10.939062499999999	8
Panagrolaimus	MIC3	878871.164	1735144.466	0.933	0.52625	0.175	0.1625075298798294	0.4439744576588626	0.5281306715063521	0.07669138583953773	36.375	8.564062499999999	32.5	6.440624999999997	8
Panagrolaimus	MIC4	548326.638	1735144.466	0.5825	0.5025	0.278333333	0.03856358122388782	0.32425791637807855	0.5066821615339918	0.05617957937435249	109	20.0625	106.125	13.689062499999999	8
Panagrolaimus	OCH1	1534887.189	1735144.466	1.6305	0.61875	0.186666667	0.7983661388303495	0.6238299614485832	0.6349206349206349	0.10023015888454329	90	32.56718749999999	51.75	12.25	8
Panagrolaimus	OCH2	712248.6815	1735144.466	0.757	0.6525	0.106666667	0.9371122940446096	0.7378051341587366	0.656910569105691	0.11526055937114484	50.5	14.942187499999996	26.375	11.001562499999999	8
Panagrolaimus	PAE1	2039179.213	1735144.466	2.1665	0.46875	-0.056666667	-0.18386419240018617	0.3829496646926991	0.4681818181818182	0.06609138902968459	38.625	7.5	43.875	7.940624999999997	8
Panagrolaimus	PAE2	1244627.062	1735144.466	1.3235	0.39	-0.091666667	-0.6478225245597327	0.37280967302387596	0.38958990536277605	0.061452850953889526	30.875	6.0625	48.375	8.126562499999999	8
Panagrolaimus	PAE3	1867341.237	1735144.466	1.983	0.41875	0.051666667	-0.4256067409890312	0.530571781376507	0.42677824267782427	0.0899693424160662	25.5	7.126562499999999	34.25	8.1875	8
Panagrolaimus	PAE4	499418.526	1735144.466	0.531	0.54125	0.028333333	0.21159914126244525	0.2891324396655514	0.5366017461383479	0.049834345215598284	99.875	9.940624999999997	86.25	15.003124999999997	8
Panagrolaimus	PAE5	950931.0115	1735144.466	1.0105	0.545	0.076666667	0.2583119955913907	0.2983406370286063	0.5446428571428571	0.0512863556309171	137.25	20.32187499999999	114.75	16.565624999999983	8
Panagrolaimus	PAE6	1740646.591	1735144.466	1.849	0.4525	0.081666667	-0.28019887496875695	0.22134569623825825	0.4515972894482091	0.03799683845380379	116.625	12.6875	141.625	15.321874999999991	8
Panagrolaimus	PAR1	1383408.934	1735144.466	1.4695	0.56625	0.693333333	0.4795050331570043	0.5130015730588647	0.5823353293413174	0.0864858459006539	97.25	29.007812499999993	69.75	13.501562499999999	8
Panagrolaimus	PAR2	1624239.048	1735144.466	1.7255	0.57125	0.49	0.40856140374826044	0.17083827015772166	0.5703289013296011	0.02901831218499092	101.875	7.689062499999999	76.75	7.003124999999997	8
Panagrolaimus	PRO1	2670626.714	1735144.466	2.8365	0.70375	0.22	1.2960152844796278	0.3460580241804939	0.7106060606060606	0.04932791099598115	58.625	9.754687499999996	23.875	4.125	8
Panagrolaimus	PRO2	1725328.722	1735144.466	1.834	0.67375	0.43	1.0925661187360727	0.5218174377274231	0.6807692307692308	0.07860473570453828	44.25	11.4375	20.75	5.25	8
Panagrolaimus	PSE1	NA	1735144.466	NA	0.5325	0.538333333	0.25194653834997616	0.4242628935734316	0.5435483870967742	0.0729614519676169	42.125	10.065624999999997	35.375	6.064062499999999	8
Panagrolaimus	PSE10	4767.517	1735144.466	0.018333333	0.39125	0.046666667	-0.6439411766700331	0.29147623689531466	0.39022988505747125	0.04807455540839515	84.875	11.315624999999997	132.625	20.132812499999986	8
Panagrolaimus	PSE11	1938604.168	1735144.466	2.06	0.53375	0.573333333	0.21560905964105728	0.5312091923001689	0.537292817679558	0.09153945420896512	48.625	13.564062499999999	41.875	10.064062499999999	8
Panagrolaimus	PSE12	22649.71	1735144.466	0.036923077	0.49375	0.028333333	-0.06666030406907993	0.2936454009938003	0.48845070422535214	0.050857721081092294	108.375	11.628124999999997	113.5	19.631249999999994	8
Panagrolaimus	PSE13	756950.2845	1735144.466	0.846842105	0.595	-0.063333333	0.5357189817013068	0.4826593214171725	0.5917808219178082	0.08082029841515137	54	10.001562499999999	37.25	10.378124999999997	8
Panagrolaimus	PSE14	1924928.308	1735144.466	2.152631579	0.53	0.265	0.056583528366367514	0.6054272389129948	0.5098039215686274	0.10487221045612366	39	6.9375	37.5	14.253124999999997	8
Panagrolaimus	PSE15	1430951.118	1735144.466	1.52	0.3675	0.14	-0.7767233034039408	0.1822474182298766	0.3685636856368564	0.029398755259504163	51	5.564062499999999	87.375	5.564062499999999	8
Panagrolaimus	PSE2	99720.362	1735144.466	0.111052632	0.32875	0.006666667	-1.0633789337356	0.32426745545352265	0.3236434108527132	0.04920070428543797	20.875	3.125	43.625	7.314062499999999	8
Panagrolaimus	PSE3	1061796.109	1735144.466	1.128	0.4425	0.526666667	-0.3381404402664965	0.23912323518979148	0.4416715031921068	0.04087299035328591	95.125	10.376562499999999	120.25	15.006249999999994	8
Panagrolaimus	PSE4	2088508.863	1735144.466	2.2185	0.70625	0.291666667	1.3741243060127908	0.5233626936510476	0.7216117216117216	0.07287570135387329	73.875	22.890624999999986	28.5	5.376562499999999	8
Panagrolaimus	PSE5	1924399.353	1735144.466	2.0455	0.69	0.533333333	1.208317236124725	0.6629524011661269	0.6979472140762464	0.09687533844062904	119	39.329687499999984	51.5	16.442187499999996	8
Panagrolaimus	PSE6	2037644.993	1735144.466	2.165	0.4475	0.303333333	-0.29830739854882593	0.35959958245593465	0.4484906564446574	0.0616525315436993	117	22.7046875	143.875	22.50625	8
Panagrolaimus	PSE7	2030737.48	1735144.466	2.158	0.55125	0.561666667	0.3201992809706114	0.303620766592959	0.5552596537949401	0.05197082144379313	52.125	7.626562499999999	41.75	6.315624999999997	8
Panagrolaimus	PSE8	1966615.184	1735144.466	2.0905	0.60125	0.558333333	0.6251515908368551	0.5494242442213637	0.6066666666666667	0.09087494611340889	45.5	13.315624999999997	29.5	7.189062499999999	8
Panagrolaimus	PSE9	1921591.957	1735144.466	2.0425	0.41125	0.646666667	-0.479284422826619	0.4402444173631111	0.41770186335403725	0.07422174002213593	33.625	7.378124999999997	46.875	9.940624999999997	8
Panagrolaimus	RAL1	498603.9155	1735144.466	0.5295	0.54375	0.1	0.27964240855436817	0.35070807090204853	0.5483071841453344	0.06020580130019522	166	30.450000000000003	136.75	21.814062500000006	8
Panagrolaimus	RAL2	401136.5795	1735144.466	0.4255	0.41125	0.038333333	-0.4191536077510757	0.7884708687101297	0.4278728606356968	0.13378838257556538	21.875	9.251562499999999	29.25	10.125	8
Panagrolaimus	RAL3	984830.792	1735144.466	1.046	0.4075	0.085	-0.35443073457469176	0.7856621472689458	0.4388888888888889	0.13411110643425445	29.625	13.942187499999996	37.875	10.378124999999997	8
Panagrolaimus	RAL4	1600972.471	1735144.466	1.7015	0.3725	0.018333333	-0.741619453172423	0.2327162706280002	0.37424425634824665	0.03777567192458664	77.375	10.439062499999999	129.375	11.439062499999991	8
Panagrolaimus	RAL5	295862.6445	1735144.466	0.314	0.38875	-0.05	-0.6466632003933289	0.8873830049438084	0.3897810218978102	0.14629954252606087	33.375	14.126562499999999	52.25	23.318749999999994	8
Panagrolaimus	RAO1	906231.182	1735144.466	0.9635	0.67625	0.065	1.3001237245690138	0.663767929469164	0.7111913357400722	0.09450143457098074	49.25	18.5015625	20	5.3125	8
Panagrolaimus	RHO1	1497363.178	1735144.466	1.5915	0.36875	0.081666667	-0.7602393671030163	0.2592231078933171	0.37122671804752727	0.041940391419746086	72.25	11.689062499999999	122.375	9.565624999999997	8
Panagrolaimus	SIN1	216666.5115	1735144.466	0.2305	0.44375	-0.006666667	-0.36536735615225974	0.4984557501248423	0.43702290076335876	0.0850054940329941	28.625	6.1875	36.875	9.939062499999999	8
Panagrolaimus	SPH1	448058.0335	1735144.466	0.4775	0.5175	0.098333333	0.08994212531279848	0.182933009019958	0.5155807365439093	0.03166909309416133	182	15.125	171	16.376562500000006	8
Panagrolaimus	SPH2	485456.519	1735144.466	0.5165	0.52875	0.085	0.14762465293447563	0.43396422434869913	0.5255591054313099	0.07500376596276918	41.125	7.939062499999999	37.125	8.564062499999999	8
Panagrolaimus	SPH3	1206686.313	1735144.466	1.2815	0.46625	0.12	-0.18442457113742744	0.5163165601558012	0.46808510638297873	0.08910631614831219	33	8.501562499999999	37.5	9.315624999999997	8
Panagrolaimus	SPH4	138733.612	1735144.466	0.1475	0.585	0.043333333	0.48378366635378883	0.2895014089906278	0.5830564784053156	0.04878249382375779	131.625	15.817187499999989	94.125	15.126562499999999	8
Panagrolaimus	STA1	581210.733	1735144.466	0.6185	0.22875	0.1	-1.7717310123268828	0.34015826944733163	0.2265193370165746	0.04131057472795094	25.625	4.940624999999997	87.5	11.875	8
Panagrolaimus	STE1	821092.5345	1735144.466	0.872	0.46625	0.475	-0.1877462785295567	0.3805267177891246	0.4675118858954041	0.06566186155186092	36.875	7.003124999999997	42	7.6875	8
Panagrolaimus	STE2	750283.1045	1735144.466	0.7985	0.64125	0.303333333	0.857042046157957	0.35558001757651575	0.6442953020134228	0.05648555157236117	168	30.325000000000003	92.75	15.565624999999997	8
Panagrolaimus	STE3	1014670.007	1735144.466	1.0775	0.52875	0.335	0.15985514282472632	0.192630706028083	0.5276724791508719	0.03327811150753566	174	15.251562500000006	155.75	15.6875	8
Panagrolaimus	VAR1	963562.164	1735144.466	1.024	0.57	0.113333333	0.39574832817903377	0.4257746857948948	0.5681511470985156	0.07241040163518274	157.875	28.940624999999997	120	27.754687500000003	8
Panagrolaimus	aci1	1726078.008	1735144.466	1.833	0.40875	0.521666667	-0.6100534816839867	0.5323766586952918	0.3958333333333333	0.08824977185928028	33.25	7.0625	50.75	15.314062499999999	8
Panagrolaimus	aci2	1407408.391	1735144.466	1.496	0.3575	0.475	-0.9375359130533464	0.7732624227647368	0.3430232558139535	0.1207885946019782	36.875	13.003124999999997	70.625	28.507812499999993	8
Panagrolaimus	par1	1012741.944	1735144.466	1.076	0.26	0.02	-1.4486035189121624	0.5220068182861203	0.2681369704004643	0.07100487119422773	57.75	16.943749999999994	157.625	33.376562500000006	8
